{
    "mean_loss": 0.1979992140084505,
    "acc_1": 0.949208125,
    "f1_micro_1": 0.8394183516802712,
    "f1_macro_1": 0.6344582196969696,
    "f1_samples_1": 0.7081878373311927,
    "acc_16": 0.94112,
    "f1_micro_16": 0.8087318087318086,
    "f1_macro_16": 0.6022087157287157,
    "f1_samples_16": 0.6710281748237035
}