{
    "mean_loss": 0.22340459544211627,
    "acc_1": 0.952528125,
    "f1_micro_1": 0.8497116117096528,
    "f1_macro_1": 0.646507563582251,
    "f1_samples_1": 0.7373658343007066,
    "acc_16": 0.94528,
    "f1_micro_16": 0.8207547169811321,
    "f1_macro_16": 0.6071966522366522,
    "f1_samples_16": 0.6957426621620122
}