{
    "mean_loss": 0.213522395119071,
    "acc_1": 0.954970625,
    "f1_micro_1": 0.8543313215863484,
    "f1_macro_1": 0.6412950915404042,
    "f1_samples_1": 0.7273951895457011,
    "acc_16": 0.94608,
    "f1_micro_16": 0.8204581779435269,
    "f1_macro_16": 0.6026202597402597,
    "f1_samples_16": 0.6871470251043248
}