{
    "mean_loss": 0.22165032401680945,
    "acc_1": 0.951525625,
    "f1_micro_1": 0.8478647634478417,
    "f1_macro_1": 0.6452260303932179,
    "f1_samples_1": 0.7402881855689337,
    "acc_16": 0.9456,
    "f1_micro_16": 0.8234683281412254,
    "f1_macro_16": 0.6127452813852813,
    "f1_samples_16": 0.7079195404802104
}