{
    "mean_loss": 0.21036466397345066,
    "acc_1": 0.904329375,
    "f1_micro_1": 0.7381509960057134,
    "f1_macro_1": 0.5771697416125541,
    "f1_samples_1": 0.7168373626826863,
    "acc_16": 0.90368,
    "f1_micro_16": 0.794398907103825,
    "f1_macro_16": 0.6778232611832611,
    "f1_samples_16": 0.7714681738435896
}