{
    "mean_loss": 0.23503472879529,
    "acc_1": 0.908386875,
    "f1_micro_1": 0.740623822171575,
    "f1_macro_1": 0.5723323390151515,
    "f1_samples_1": 0.6915289733846556,
    "acc_16": 0.89696,
    "f1_micro_16": 0.7741935483870968,
    "f1_macro_16": 0.6516778066378066,
    "f1_samples_16": 0.7281344854510079
}