{
    "mean_loss": 0.15540556386113166,
    "acc_1": 0.960558125,
    "f1_micro_1": 0.8755111662579966,
    "f1_macro_1": 0.668658797348485,
    "f1_samples_1": 0.7593138710639575,
    "acc_16": 0.95616,
    "f1_micro_16": 0.8553326293558605,
    "f1_macro_16": 0.6324862337662338,
    "f1_samples_16": 0.7279423753544098
}