{
    "mean_loss": 0.1440647069364786,
    "acc_1": 0.93856625,
    "f1_micro_1": 0.8145816041650947,
    "f1_macro_1": 0.6298397740800865,
    "f1_samples_1": 0.705672522232722,
    "acc_16": 0.93216,
    "f1_micro_16": 0.7888446215139443,
    "f1_macro_16": 0.5952932756132756,
    "f1_samples_16": 0.6723300409008108
}