{
    "mean_loss": 0.22390020377933978,
    "acc_1": 0.951945,
    "f1_micro_1": 0.8481584612042578,
    "f1_macro_1": 0.6449574066558442,
    "f1_samples_1": 0.7414142621113984,
    "acc_16": 0.94448,
    "f1_micro_16": 0.819176654507556,
    "f1_macro_16": 0.6062779797979799,
    "f1_samples_16": 0.7010412375118257
}