{
    "mean_loss": 0.1511963015422225,
    "acc_1": 0.94940375,
    "f1_micro_1": 0.842754639431575,
    "f1_macro_1": 0.6438385385101011,
    "f1_samples_1": 0.7341796613682572,
    "acc_16": 0.94176,
    "f1_micro_16": 0.8125643666323378,
    "f1_macro_16": 0.6051878787878787,
    "f1_samples_16": 0.6968279231853601
}