{
    "mean_loss": 0.17379668680951,
    "acc_1": 0.95422375,
    "f1_micro_1": 0.8542180856992723,
    "f1_macro_1": 0.6534338131313131,
    "f1_samples_1": 0.7728807310407142,
    "acc_16": 0.95248,
    "f1_micro_16": 0.841091492776886,
    "f1_macro_16": 0.6292996248196246,
    "f1_samples_16": 0.7824342948265774
}