{
    "mean_loss": 0.21103588119149208,
    "acc_1": 0.95009125,
    "f1_micro_1": 0.8430147521389029,
    "f1_macro_1": 0.642331423611111,
    "f1_samples_1": 0.7328114293188281,
    "acc_16": 0.94256,
    "f1_micro_16": 0.8133125325013,
    "f1_macro_16": 0.6052963924963924,
    "f1_samples_16": 0.6896297478296705
}