{
    "mean_loss": 0.1448939722031355,
    "acc_1": 0.92552,
    "f1_micro_1": 0.7825996533795493,
    "f1_macro_1": 0.6071803382034632,
    "f1_samples_1": 0.6848306123098564,
    "acc_16": 0.91616,
    "f1_micro_16": 0.7473481195756991,
    "f1_macro_16": 0.567867243867244,
    "f1_samples_16": 0.6349195894753935
}