{
    "mean_loss": 0.24178538657724857,
    "acc_1": 0.951984375,
    "f1_micro_1": 0.8520635996541571,
    "f1_macro_1": 0.6550278814935064,
    "f1_samples_1": 0.7609051950412399,
    "acc_16": 0.94576,
    "f1_micro_16": 0.8265984654731459,
    "f1_macro_16": 0.6214094083694085,
    "f1_samples_16": 0.7290527896916718
}