{
    "mean_loss": 0.22393231391906737,
    "acc_1": 0.909874375,
    "f1_micro_1": 0.7430895670501293,
    "f1_macro_1": 0.5733064628427129,
    "f1_samples_1": 0.7088341214229856,
    "acc_16": 0.8952,
    "f1_micro_16": 0.7691223123017272,
    "f1_macro_16": 0.6468378643578643,
    "f1_samples_16": 0.7375001989305563
}