{
    "mean_loss": 0.23231698852032423,
    "acc_1": 0.911365625,
    "f1_micro_1": 0.7471098137049129,
    "f1_macro_1": 0.5770816829004329,
    "f1_samples_1": 0.7047740358684246,
    "acc_16": 0.89904,
    "f1_micro_16": 0.7774250440917106,
    "f1_macro_16": 0.6552722655122654,
    "f1_samples_16": 0.7364900430322823
}