{
    "mean_loss": 0.21645665559917687,
    "acc_1": 0.956475,
    "f1_micro_1": 0.8620400012678692,
    "f1_macro_1": 0.6556366869588742,
    "f1_samples_1": 0.7580143339555716,
    "acc_16": 0.94928,
    "f1_micro_16": 0.8312932410856839,
    "f1_macro_16": 0.6137528427128426,
    "f1_samples_16": 0.7204799397268797
}