{
    "mean_loss": 0.26552402433007954,
    "acc_1": 0.956256875,
    "f1_micro_1": 0.8607153589431809,
    "f1_macro_1": 0.6548740219155846,
    "f1_samples_1": 0.7466564476032691,
    "acc_16": 0.95168,
    "f1_micro_16": 0.8376344086021505,
    "f1_macro_16": 0.6199897258297257,
    "f1_samples_16": 0.6951509680912811
}