{
    "mean_loss": 0.22710081860423087,
    "acc_1": 0.950698125,
    "f1_micro_1": 0.8436688076830846,
    "f1_macro_1": 0.6444978526334777,
    "f1_samples_1": 0.7275925991449631,
    "acc_16": 0.944,
    "f1_micro_16": 0.8142250530785562,
    "f1_macro_16": 0.6018171428571428,
    "f1_samples_16": 0.6854755377565783
}