{
    "mean_loss": 0.2698692448437214,
    "acc_1": 0.913514375,
    "f1_micro_1": 0.7466481137343575,
    "f1_macro_1": 0.5731753612012987,
    "f1_samples_1": 0.6941919517935868,
    "acc_16": 0.89664,
    "f1_micro_16": 0.767458603311735,
    "f1_macro_16": 0.6436879653679654,
    "f1_samples_16": 0.7111395657412742
}