{
    "mean_loss": 0.23766989968717098,
    "acc_1": 0.951111875,
    "f1_micro_1": 0.8435057309141253,
    "f1_macro_1": 0.6397203494769121,
    "f1_samples_1": 0.7211788095444371,
    "acc_16": 0.94272,
    "f1_micro_16": 0.8097768331562167,
    "f1_macro_16": 0.5999199999999999,
    "f1_samples_16": 0.6801797400315045
}