{
    "mean_loss": 0.22218488287180663,
    "acc_1": 0.951665,
    "f1_micro_1": 0.8472248561855995,
    "f1_macro_1": 0.6442629671717174,
    "f1_samples_1": 0.7408942674623042,
    "acc_16": 0.94528,
    "f1_micro_16": 0.8209424083769633,
    "f1_macro_16": 0.6106982972582973,
    "f1_samples_16": 0.6996397965423311
}