{
    "mean_loss": 0.1999819029122591,
    "acc_1": 0.946970625,
    "f1_micro_1": 0.8358258628396067,
    "f1_macro_1": 0.6401597100468974,
    "f1_samples_1": 0.7369715949755262,
    "acc_16": 0.93936,
    "f1_micro_16": 0.8071246819338422,
    "f1_macro_16": 0.6029840115440116,
    "f1_samples_16": 0.691524260168867
}