{
    "mean_loss": 0.2558523561805487,
    "acc_1": 0.909720625,
    "f1_micro_1": 0.7434703000101229,
    "f1_macro_1": 0.5775188437950939,
    "f1_samples_1": 0.6958424915697866,
    "acc_16": 0.89856,
    "f1_micro_16": 0.7770745428973278,
    "f1_macro_16": 0.6595458585858586,
    "f1_samples_16": 0.7321396242354699
}