{
    "mean_loss": 0.2125521881505847,
    "acc_1": 0.95787125,
    "f1_micro_1": 0.8641254611058478,
    "f1_macro_1": 0.6548835863095239,
    "f1_samples_1": 0.7436061608929965,
    "acc_16": 0.95536,
    "f1_micro_16": 0.8494333513221803,
    "f1_macro_16": 0.6280278210678212,
    "f1_samples_16": 0.708670737735487
}