{
    "mean_loss": 0.18976180851459504,
    "acc_1": 0.956539375,
    "f1_micro_1": 0.8611184897731744,
    "f1_macro_1": 0.6527311746933621,
    "f1_samples_1": 0.7616315200552584,
    "acc_16": 0.95104,
    "f1_micro_16": 0.8353067814854682,
    "f1_macro_16": 0.6187104184704185,
    "f1_samples_16": 0.7361321500156797
}