{
    "mean_loss": 0.27816000720486045,
    "acc_1": 0.910109375,
    "f1_micro_1": 0.7312571354897539,
    "f1_macro_1": 0.5535879207251081,
    "f1_samples_1": 0.6494022027689998,
    "acc_16": 0.88432,
    "f1_micro_16": 0.7356489945155393,
    "f1_macro_16": 0.6109965945165947,
    "f1_samples_16": 0.6640661954648152
}