{
    "mean_loss": 0.24515259880572557,
    "acc_1": 0.95511875,
    "f1_micro_1": 0.8584064863671139,
    "f1_macro_1": 0.656158833423521,
    "f1_samples_1": 0.7635007143054572,
    "acc_16": 0.94848,
    "f1_micro_16": 0.8299894403379091,
    "f1_macro_16": 0.6163369696969697,
    "f1_samples_16": 0.7010715797128477
}