{
    "mean_loss": 0.20634036902338265,
    "acc_1": 0.95579125,
    "f1_micro_1": 0.8600202645473329,
    "f1_macro_1": 0.6534851109307359,
    "f1_samples_1": 0.7569603237853938,
    "acc_16": 0.94944,
    "f1_micro_16": 0.8319148936170212,
    "f1_macro_16": 0.6128462914862914,
    "f1_samples_16": 0.7252834972222659
}