{
    "mean_loss": 0.16703767850995063,
    "acc_1": 0.948389375,
    "f1_micro_1": 0.8379817021368435,
    "f1_macro_1": 0.6402515309343435,
    "f1_samples_1": 0.724013888208219,
    "acc_16": 0.9408,
    "f1_micro_16": 0.8070907194994787,
    "f1_macro_16": 0.598484963924964,
    "f1_samples_16": 0.6849322879136827
}