{
    "mean_loss": 0.25157772917300464,
    "acc_1": 0.956554375,
    "f1_micro_1": 0.8624265010024165,
    "f1_macro_1": 0.6582449594155845,
    "f1_samples_1": 0.7456131769546689,
    "acc_16": 0.95232,
    "f1_micro_16": 0.8419936373276776,
    "f1_macro_16": 0.625045541125541,
    "f1_samples_16": 0.7102923707568005
}