{
    "mean_loss": 0.21068327613174914,
    "acc_1": 0.954583125,
    "f1_micro_1": 0.8569245884467791,
    "f1_macro_1": 0.6509932729076479,
    "f1_samples_1": 0.7543125618071792,
    "acc_16": 0.94848,
    "f1_micro_16": 0.8298097251585623,
    "f1_macro_16": 0.6102525829725829,
    "f1_samples_16": 0.723975003046883
}