{
    "mean_loss": 0.24851127211004495,
    "acc_1": 0.9555275,
    "f1_micro_1": 0.8593810521323267,
    "f1_macro_1": 0.6558406493506492,
    "f1_samples_1": 0.7561038490083647,
    "acc_16": 0.94992,
    "f1_micro_16": 0.834479111581174,
    "f1_macro_16": 0.6190188744588744,
    "f1_samples_16": 0.7049944564785477
}