{
    "mean_loss": 0.2055543277412653,
    "acc_1": 0.95594875,
    "f1_micro_1": 0.8605493187924641,
    "f1_macro_1": 0.6533991977813851,
    "f1_samples_1": 0.7542297641894857,
    "acc_16": 0.94848,
    "f1_micro_16": 0.8290870488322718,
    "f1_macro_16": 0.6124004617604617,
    "f1_samples_16": 0.7233573493996931
}