{
    "mean_loss": 0.24412057921290398,
    "acc_1": 0.952965,
    "f1_micro_1": 0.8539410454076127,
    "f1_macro_1": 0.6556566066919194,
    "f1_samples_1": 0.7631602736683167,
    "acc_16": 0.94608,
    "f1_micro_16": 0.8252980819077242,
    "f1_macro_16": 0.6187713708513708,
    "f1_samples_16": 0.7234559048725784
}