{
    "mean_loss": 0.2481840021908283,
    "acc_1": 0.953460625,
    "f1_micro_1": 0.8566411958022168,
    "f1_macro_1": 0.6609241599025976,
    "f1_samples_1": 0.7652464445179346,
    "acc_16": 0.94672,
    "f1_micro_16": 0.8282619907168643,
    "f1_macro_16": 0.6207313131313131,
    "f1_samples_16": 0.7228416746321173
}