{
    "mean_loss": 0.24337493851780892,
    "acc_1": 0.951436875,
    "f1_micro_1": 0.8454735468833589,
    "f1_macro_1": 0.6380520937049063,
    "f1_samples_1": 0.7279078950421788,
    "acc_16": 0.94256,
    "f1_micro_16": 0.8113504992117709,
    "f1_macro_16": 0.601218354978355,
    "f1_samples_16": 0.6874479303916511
}