{
    "mean_loss": 0.18943051490932702,
    "acc_1": 0.94588375,
    "f1_micro_1": 0.8337448780918659,
    "f1_macro_1": 0.6421667442279944,
    "f1_samples_1": 0.7387632332369388,
    "acc_16": 0.9376,
    "f1_micro_16": 0.8032290615539859,
    "f1_macro_16": 0.6047021067821067,
    "f1_samples_16": 0.6916021428941638
}