{
    "mean_loss": 0.17638774067163468,
    "acc_1": 0.943523125,
    "f1_micro_1": 0.8247750132345155,
    "f1_macro_1": 0.6249264272186148,
    "f1_samples_1": 0.6920443309266854,
    "acc_16": 0.93328,
    "f1_micro_16": 0.7882173692229557,
    "f1_macro_16": 0.5848043867243867,
    "f1_samples_16": 0.6484967185511264
}