{
    "mean_loss": 0.1377537440508604,
    "acc_1": 0.933729375,
    "f1_micro_1": 0.8056220084729762,
    "f1_macro_1": 0.6288402241161617,
    "f1_samples_1": 0.7073310473646108,
    "acc_16": 0.92256,
    "f1_micro_16": 0.7670837343599616,
    "f1_macro_16": 0.5915746031746032,
    "f1_samples_16": 0.6575459055925912
}