{
    "mean_loss": 0.19098992086946964,
    "acc_1": 0.95268125,
    "f1_micro_1": 0.8530039918609527,
    "f1_macro_1": 0.6552326672979798,
    "f1_samples_1": 0.7471251824961991,
    "acc_16": 0.94656,
    "f1_micro_16": 0.8287179487179486,
    "f1_macro_16": 0.6234303030303031,
    "f1_samples_16": 0.7121436195236592
}