{
    "mean_loss": 0.18332038149237634,
    "acc_1": 0.958756875,
    "f1_micro_1": 0.8681151107318233,
    "f1_macro_1": 0.6592644173881672,
    "f1_samples_1": 0.745863456527702,
    "acc_16": 0.95344,
    "f1_micro_16": 0.8439678284182306,
    "f1_macro_16": 0.6266836363636364,
    "f1_samples_16": 0.7147250062519819
}