{
    "mean_loss": 0.20959409102797508,
    "acc_1": 0.9525975,
    "f1_micro_1": 0.8538808914645047,
    "f1_macro_1": 0.6569132025613277,
    "f1_samples_1": 0.7587318818827088,
    "acc_16": 0.94608,
    "f1_micro_16": 0.8279734558448189,
    "f1_macro_16": 0.6188258585858586,
    "f1_samples_16": 0.7254888007401555
}