{
    "mean_loss": 0.22210603598505257,
    "acc_1": 0.951635,
    "f1_micro_1": 0.8477076642105926,
    "f1_macro_1": 0.6450586111111111,
    "f1_samples_1": 0.7446704199147087,
    "acc_16": 0.9448,
    "f1_micro_16": 0.8205928237129484,
    "f1_macro_16": 0.6082506204906204,
    "f1_samples_16": 0.7020628217618239
}