{
    "mean_loss": 0.17115519121289252,
    "acc_1": 0.95068625,
    "f1_micro_1": 0.8410157005609646,
    "f1_macro_1": 0.6316809221681097,
    "f1_samples_1": 0.6964178827016476,
    "acc_16": 0.93968,
    "f1_micro_16": 0.7999999999999999,
    "f1_macro_16": 0.5850050216450217,
    "f1_samples_16": 0.6515698940824094
}