{
    "mean_loss": 0.16968598924577236,
    "acc_1": 0.944495625,
    "f1_micro_1": 0.8297630480747298,
    "f1_macro_1": 0.6392232706529583,
    "f1_samples_1": 0.7107832110754113,
    "acc_16": 0.9368,
    "f1_micro_16": 0.7995941146626079,
    "f1_macro_16": 0.5991332756132756,
    "f1_samples_16": 0.6731585526981921
}