{
    "mean_loss": 0.20497869327664375,
    "acc_1": 0.947831875,
    "f1_micro_1": 0.8389565136860627,
    "f1_macro_1": 0.6442748142135644,
    "f1_samples_1": 0.731034749250959,
    "acc_16": 0.94176,
    "f1_micro_16": 0.815228426395939,
    "f1_macro_16": 0.6144080808080808,
    "f1_samples_16": 0.6984478035817424
}