{
    "mean_loss": 0.25752999894320966,
    "acc_1": 0.955075,
    "f1_micro_1": 0.8583153960782459,
    "f1_macro_1": 0.6554371189574314,
    "f1_samples_1": 0.7427911868019907,
    "acc_16": 0.94944,
    "f1_micro_16": 0.8333333333333335,
    "f1_macro_16": 0.6199166522366523,
    "f1_samples_16": 0.7022278302730615
}