{
    "mean_loss": 0.2100143987685442,
    "acc_1": 0.95565,
    "f1_micro_1": 0.8598675297899988,
    "f1_macro_1": 0.653663649440837,
    "f1_samples_1": 0.7579515645730426,
    "acc_16": 0.94896,
    "f1_micro_16": 0.8313061872025383,
    "f1_macro_16": 0.6157566522366523,
    "f1_samples_16": 0.7226242864243478
}