{
    "mean_loss": 0.1966955866664648,
    "acc_1": 0.94671375,
    "f1_micro_1": 0.8324812455545383,
    "f1_macro_1": 0.6289316287878789,
    "f1_samples_1": 0.7036040509467034,
    "acc_16": 0.9384,
    "f1_micro_16": 0.8010335917312661,
    "f1_macro_16": 0.5936951226551226,
    "f1_samples_16": 0.6628925456840351
}