{
    "mean_loss": 0.21237894538789986,
    "acc_1": 0.947743125,
    "f1_micro_1": 0.8372139206619615,
    "f1_macro_1": 0.6390211764971141,
    "f1_samples_1": 0.7300776173803302,
    "acc_16": 0.94144,
    "f1_micro_16": 0.8121149897330596,
    "f1_macro_16": 0.605798556998557,
    "f1_samples_16": 0.6968192638030605
}