{
    "mean_loss": 0.22726132795214654,
    "acc_1": 0.95811875,
    "f1_micro_1": 0.8661422356104401,
    "f1_macro_1": 0.658235727362915,
    "f1_samples_1": 0.7474675902397105,
    "acc_16": 0.95376,
    "f1_micro_16": 0.8452062131762185,
    "f1_macro_16": 0.6280196248196248,
    "f1_samples_16": 0.7163517658887746
}