{
    "mean_loss": 0.254953446239233,
    "acc_1": 0.913851875,
    "f1_micro_1": 0.7471627647612356,
    "f1_macro_1": 0.5693713812229437,
    "f1_samples_1": 0.695191422253725,
    "acc_16": 0.89312,
    "f1_micro_16": 0.7591925018024513,
    "f1_macro_16": 0.6301064357864359,
    "f1_samples_16": 0.7002453096306617
}