{
    "mean_loss": 0.16578870341181756,
    "acc_1": 0.946220625,
    "f1_micro_1": 0.8343832702986209,
    "f1_macro_1": 0.6428898363095238,
    "f1_samples_1": 0.7218957847131401,
    "acc_16": 0.94,
    "f1_micro_16": 0.8069994853319609,
    "f1_macro_16": 0.6034608946608948,
    "f1_samples_16": 0.6847248433882195
}