{
    "mean_loss": 0.21925540193915366,
    "acc_1": 0.908619375,
    "f1_micro_1": 0.7431437480785279,
    "f1_macro_1": 0.5774810637626263,
    "f1_samples_1": 0.7046412768916711,
    "acc_16": 0.90176,
    "f1_micro_16": 0.7859135285913528,
    "f1_macro_16": 0.6665578066378066,
    "f1_samples_16": 0.7435913745210981
}