{
    "mean_loss": 0.3707427650690079,
    "acc_1": 0.154645625,
    "f1_micro_1": 0.2678668184448367,
    "f1_macro_1": 0.24905662878787876,
    "f1_samples_1": 0.26137823610865446,
    "acc_16": 0.14928,
    "f1_micro_16": 0.25978003619657525,
    "f1_macro_16": 0.24141711621711612,
    "f1_samples_16": 0.25265438808550045
}