{
    "mean_loss": 0.22515540271997453,
    "acc_1": 0.951160625,
    "f1_micro_1": 0.8437368144250941,
    "f1_macro_1": 0.6410501668470419,
    "f1_samples_1": 0.7258042273419757,
    "acc_16": 0.94192,
    "f1_micro_16": 0.8074270557029178,
    "f1_macro_16": 0.5944069264069263,
    "f1_samples_16": 0.6777010955758362
}