{
    "mean_loss": 0.22114649340510367,
    "acc_1": 0.95034625,
    "f1_micro_1": 0.8444407023919547,
    "f1_macro_1": 0.6454760281385281,
    "f1_samples_1": 0.7416680338827852,
    "acc_16": 0.94288,
    "f1_micro_16": 0.8151216986017608,
    "f1_macro_16": 0.6057490331890333,
    "f1_samples_16": 0.6946971410887883
}