{
    "mean_loss": 0.2446487694978714,
    "acc_1": 0.95686125,
    "f1_micro_1": 0.8630966784749468,
    "f1_macro_1": 0.6576693330627704,
    "f1_samples_1": 0.74835524328009,
    "acc_16": 0.95248,
    "f1_micro_16": 0.8424403183023872,
    "f1_macro_16": 0.6298837518037518,
    "f1_samples_16": 0.7162924958643251
}