{
    "mean_loss": 0.2157560066320002,
    "acc_1": 0.956098125,
    "f1_micro_1": 0.8597022795408562,
    "f1_macro_1": 0.6533686507936508,
    "f1_samples_1": 0.7907642174503373,
    "acc_16": 0.952,
    "f1_micro_16": 0.83991462113127,
    "f1_macro_16": 0.6217192496392496,
    "f1_samples_16": 0.779513481638475
}