{
    "mean_loss": 0.18375874049961566,
    "acc_1": 0.95385375,
    "f1_micro_1": 0.8550045560233772,
    "f1_macro_1": 0.6497340584415585,
    "f1_samples_1": 0.7513856208453913,
    "acc_16": 0.94752,
    "f1_micro_16": 0.8282722513089005,
    "f1_macro_16": 0.6125896681096681,
    "f1_samples_16": 0.7037815368036379
}