{
    "mean_loss": 0.2125416561961174,
    "acc_1": 0.949518125,
    "f1_micro_1": 0.8410667306825761,
    "f1_macro_1": 0.64355286751443,
    "f1_samples_1": 0.7275813556905157,
    "acc_16": 0.94352,
    "f1_micro_16": 0.8150864326872707,
    "f1_macro_16": 0.6034342279942281,
    "f1_samples_16": 0.6836973131963932
}