{
    "mean_loss": 0.14419730715453624,
    "acc_1": 0.9371025,
    "f1_micro_1": 0.8064096645121575,
    "f1_macro_1": 0.6167323714826838,
    "f1_samples_1": 0.6833431726094751,
    "acc_16": 0.92704,
    "f1_micro_16": 0.768762677484787,
    "f1_macro_16": 0.5810399999999999,
    "f1_samples_16": 0.6331110220734142
}