{
    "mean_loss": 0.2943748651072383,
    "acc_1": 0.909411875,
    "f1_micro_1": 0.7367279583388583,
    "f1_macro_1": 0.5658177840909091,
    "f1_samples_1": 0.6665571423810909,
    "acc_16": 0.8872,
    "f1_micro_16": 0.7477638640429337,
    "f1_macro_16": 0.6278697835497835,
    "f1_samples_16": 0.6830190397141889
}