{
    "mean_loss": 0.208641142770648,
    "acc_1": 0.953878125,
    "f1_micro_1": 0.8511810531368036,
    "f1_macro_1": 0.6467575852272728,
    "f1_samples_1": 0.7230099758286312,
    "acc_16": 0.94784,
    "f1_micro_16": 0.8245425188374595,
    "f1_macro_16": 0.6083459740259739,
    "f1_samples_16": 0.6912401877259353
}