{
    "mean_loss": 0.20135766360908747,
    "acc_1": 0.949651875,
    "f1_micro_1": 0.84220134964398,
    "f1_macro_1": 0.6431201821789323,
    "f1_samples_1": 0.7358206381348288,
    "acc_16": 0.94288,
    "f1_micro_16": 0.8153129849974134,
    "f1_macro_16": 0.6082398845598846,
    "f1_samples_16": 0.6946492232941424
}