{
    "mean_loss": 0.15345930270850658,
    "acc_1": 0.94392875,
    "f1_micro_1": 0.831431835434,
    "f1_macro_1": 0.6439506552128428,
    "f1_samples_1": 0.724154992829198,
    "acc_16": 0.93824,
    "f1_micro_16": 0.8079601990049752,
    "f1_macro_16": 0.6095294660894659,
    "f1_samples_16": 0.6936064987589559
}