{
    "mean_loss": 0.1368641946464777,
    "acc_1": 0.957463125,
    "f1_micro_1": 0.8666119204363496,
    "f1_macro_1": 0.6616042009379508,
    "f1_samples_1": 0.7480739012761146,
    "acc_16": 0.95184,
    "f1_micro_16": 0.8426555148980659,
    "f1_macro_16": 0.6222621645021645,
    "f1_samples_16": 0.716252886666009
}