{
    "mean_loss": 0.22874241080135108,
    "acc_1": 0.913735625,
    "f1_micro_1": 0.749060497250125,
    "f1_macro_1": 0.5777787860750361,
    "f1_samples_1": 0.7045107324722959,
    "acc_16": 0.89296,
    "f1_micro_16": 0.7604726100966703,
    "f1_macro_16": 0.639638556998557,
    "f1_samples_16": 0.725387147666212
}