{
    "mean_loss": 0.25254915077239276,
    "acc_1": 0.914059375,
    "f1_micro_1": 0.7498858611525931,
    "f1_macro_1": 0.5736216612554111,
    "f1_samples_1": 0.7119583015335096,
    "acc_16": 0.89536,
    "f1_micro_16": 0.765759312320917,
    "f1_macro_16": 0.6384233189033189,
    "f1_samples_16": 0.7258652830363443
}