{
    "mean_loss": 0.15777954198420047,
    "acc_1": 0.9483025,
    "f1_micro_1": 0.8388933902583441,
    "f1_macro_1": 0.6383105659271285,
    "f1_samples_1": 0.7191252111844177,
    "acc_16": 0.94272,
    "f1_micro_16": 0.813735691987513,
    "f1_macro_16": 0.6063668686868686,
    "f1_samples_16": 0.6856240654718361
}