{
    "mean_loss": 0.17324992902576924,
    "acc_1": 0.94898375,
    "f1_micro_1": 0.8403915418819196,
    "f1_macro_1": 0.6435563189935065,
    "f1_samples_1": 0.7266095445867876,
    "acc_16": 0.9424,
    "f1_micro_16": 0.8136645962732919,
    "f1_macro_16": 0.5992557575757576,
    "f1_samples_16": 0.6932732516911678
}