{
    "mean_loss": 0.2450210776180029,
    "acc_1": 0.95357875,
    "f1_micro_1": 0.8515938762543009,
    "f1_macro_1": 0.6415208125901876,
    "f1_samples_1": 0.7350055987693629,
    "acc_16": 0.94576,
    "f1_micro_16": 0.8205399682371626,
    "f1_macro_16": 0.6068297835497835,
    "f1_samples_16": 0.6956631406164066
}