{
    "mean_loss": 0.24016970619559289,
    "acc_1": 0.953535,
    "f1_micro_1": 0.8511703141390605,
    "f1_macro_1": 0.6411511922799423,
    "f1_samples_1": 0.7354169574910911,
    "acc_16": 0.94528,
    "f1_micro_16": 0.8188559322033899,
    "f1_macro_16": 0.6063904184704183,
    "f1_samples_16": 0.6950366214446076
}