{
    "mean_loss": 0.21205605007708073,
    "acc_1": 0.956446875,
    "f1_micro_1": 0.8620828195785595,
    "f1_macro_1": 0.6553746559343435,
    "f1_samples_1": 0.757163775707007,
    "acc_16": 0.95072,
    "f1_micro_16": 0.8363443145589797,
    "f1_macro_16": 0.6189459163059163,
    "f1_samples_16": 0.7287431164043336
}