{
    "mean_loss": 0.27112241741269827,
    "acc_1": 0.956225625,
    "f1_micro_1": 0.8604202995306753,
    "f1_macro_1": 0.6544926393398269,
    "f1_samples_1": 0.7595467227001564,
    "acc_16": 0.95136,
    "f1_micro_16": 0.8369098712446352,
    "f1_macro_16": 0.619403059163059,
    "f1_samples_16": 0.698721987359706
}