{
    "mean_loss": 0.145600950345397,
    "acc_1": 0.9540025,
    "f1_micro_1": 0.8529303619388668,
    "f1_macro_1": 0.646945286345599,
    "f1_samples_1": 0.7370186689165802,
    "acc_16": 0.94688,
    "f1_micro_16": 0.8250790305584826,
    "f1_macro_16": 0.6172481385281385,
    "f1_samples_16": 0.694299412277787
}