{
    "mean_loss": 0.2376926764845848,
    "acc_1": 0.955766875,
    "f1_micro_1": 0.8558356877611174,
    "f1_macro_1": 0.642258639520202,
    "f1_samples_1": 0.7201462610838222,
    "acc_16": 0.94656,
    "f1_micro_16": 0.8204301075268817,
    "f1_macro_16": 0.6021219047619047,
    "f1_samples_16": 0.6790628695774653
}