{
    "mean_loss": 0.24595401771366596,
    "acc_1": 0.957198125,
    "f1_micro_1": 0.8640090550751114,
    "f1_macro_1": 0.6571851596320345,
    "f1_samples_1": 0.750729562047868,
    "acc_16": 0.95184,
    "f1_micro_16": 0.8408249603384452,
    "f1_macro_16": 0.6271688311688313,
    "f1_samples_16": 0.7190807507961599
}