{
    "mean_loss": 0.2387592164799571,
    "acc_1": 0.910966875,
    "f1_micro_1": 0.7441029961503984,
    "f1_macro_1": 0.5753753327922078,
    "f1_samples_1": 0.7132306840849351,
    "acc_16": 0.8968,
    "f1_micro_16": 0.7711954593827598,
    "f1_macro_16": 0.6495679076479077,
    "f1_samples_16": 0.7409544743218287
}