{
    "mean_loss": 0.21381776146590709,
    "acc_1": 0.95252875,
    "f1_micro_1": 0.8483146740584822,
    "f1_macro_1": 0.639912665494228,
    "f1_samples_1": 0.7239790238827701,
    "acc_16": 0.94368,
    "f1_micro_16": 0.8147368421052632,
    "f1_macro_16": 0.603538354978355,
    "f1_samples_16": 0.6836410218306896
}