{
    "mean_loss": 0.22262861244380475,
    "acc_1": 0.95581375,
    "f1_micro_1": 0.8593544844708634,
    "f1_macro_1": 0.6540605316558442,
    "f1_samples_1": 0.7635268589074652,
    "acc_16": 0.95104,
    "f1_micro_16": 0.8368869936034115,
    "f1_macro_16": 0.6195471284271283,
    "f1_samples_16": 0.7042962685696159
}