{
    "mean_loss": 0.17883631084114313,
    "acc_1": 0.952821875,
    "f1_micro_1": 0.8540515039549268,
    "f1_macro_1": 0.6542387089646466,
    "f1_samples_1": 0.7641616258153207,
    "acc_16": 0.94512,
    "f1_micro_16": 0.8232869654817103,
    "f1_macro_16": 0.6179414718614717,
    "f1_samples_16": 0.7284609258412431
}