{
    "mean_loss": 0.17103117182850838,
    "acc_1": 0.94646625,
    "f1_micro_1": 0.8329517308629937,
    "f1_macro_1": 0.6386028598484849,
    "f1_samples_1": 0.7142063568793929,
    "acc_16": 0.94128,
    "f1_micro_16": 0.8091523660946438,
    "f1_macro_16": 0.6051173448773448,
    "f1_samples_16": 0.6830417082864858
}