{
    "mean_loss": 0.18639527559280394,
    "acc_1": 0.954005625,
    "f1_micro_1": 0.8525558442911497,
    "f1_macro_1": 0.6489499310064933,
    "f1_samples_1": 0.7550648266509564,
    "acc_16": 0.94784,
    "f1_micro_16": 0.8278775079197466,
    "f1_macro_16": 0.614636075036075,
    "f1_samples_16": 0.7248322687172968
}