{
    "mean_loss": 0.14197683576494455,
    "acc_1": 0.946030625,
    "f1_micro_1": 0.8348085925319426,
    "f1_macro_1": 0.642937508116883,
    "f1_samples_1": 0.7578336863563928,
    "acc_16": 0.93792,
    "f1_micro_16": 0.8030456852791877,
    "f1_macro_16": 0.6057655411255412,
    "f1_samples_16": 0.7318966317449573
}