{
    "mean_loss": 0.23971195705235004,
    "acc_1": 0.912629375,
    "f1_micro_1": 0.7469026612761597,
    "f1_macro_1": 0.5755340530303029,
    "f1_samples_1": 0.6925245296071271,
    "acc_16": 0.89696,
    "f1_micro_16": 0.7701641684511064,
    "f1_macro_16": 0.6482206060606059,
    "f1_samples_16": 0.7094447651087867
}