{
    "mean_loss": 0.21636079642921685,
    "acc_1": 0.907954375,
    "f1_micro_1": 0.7441511400651465,
    "f1_macro_1": 0.5794134965728717,
    "f1_samples_1": 0.720414855316278,
    "acc_16": 0.90288,
    "f1_micro_16": 0.7901832008295887,
    "f1_macro_16": 0.6719946897546898,
    "f1_samples_16": 0.7650469697582108
}