{
    "mean_loss": 0.1664939969778061,
    "acc_1": 0.94818125,
    "f1_micro_1": 0.8375874160120669,
    "f1_macro_1": 0.6415022095959595,
    "f1_samples_1": 0.7234523898224118,
    "acc_16": 0.94016,
    "f1_micro_16": 0.8052083333333334,
    "f1_macro_16": 0.5984208946608947,
    "f1_samples_16": 0.6804445729421728
}