{
    "mean_loss": 0.2190679500810802,
    "acc_1": 0.908099375,
    "f1_micro_1": 0.7400453644626186,
    "f1_macro_1": 0.5728356263528139,
    "f1_samples_1": 0.6771586230127996,
    "acc_16": 0.89024,
    "f1_micro_16": 0.7596355991590751,
    "f1_macro_16": 0.6386518903318903,
    "f1_samples_16": 0.7022888266018149
}