{
    "mean_loss": 0.1511820200830698,
    "acc_1": 0.94354875,
    "f1_micro_1": 0.8244142736059595,
    "f1_macro_1": 0.6317210448232324,
    "f1_samples_1": 0.7113686446325238,
    "acc_16": 0.93392,
    "f1_micro_16": 0.7887468030690538,
    "f1_macro_16": 0.5907427417027415,
    "f1_samples_16": 0.6675366915740515
}