{
    "mean_loss": 0.20350569747388364,
    "acc_1": 0.950469375,
    "f1_micro_1": 0.8437522796682184,
    "f1_macro_1": 0.6451031371753249,
    "f1_samples_1": 0.730523889667589,
    "acc_16": 0.94336,
    "f1_micro_16": 0.8146596858638744,
    "f1_macro_16": 0.6032271284271283,
    "f1_samples_16": 0.693747477046007
}