{
    "mean_loss": 0.21229693088680507,
    "acc_1": 0.949468125,
    "f1_micro_1": 0.8423240965194717,
    "f1_macro_1": 0.6441856105699856,
    "f1_samples_1": 0.7580993730762151,
    "acc_16": 0.9424,
    "f1_micro_16": 0.8146240988671473,
    "f1_macro_16": 0.6079059163059162,
    "f1_samples_16": 0.7202916806129027
}