{
    "mean_loss": 0.2314956311136484,
    "acc_1": 0.95230875,
    "f1_micro_1": 0.8456606338136424,
    "f1_macro_1": 0.6353529531926407,
    "f1_samples_1": 0.704250553716495,
    "acc_16": 0.94368,
    "f1_micro_16": 0.8131634819532908,
    "f1_macro_16": 0.6030311111111112,
    "f1_samples_16": 0.6613130363120694
}