{
    "mean_loss": 0.26403332911431787,
    "acc_1": 0.912590625,
    "f1_micro_1": 0.7476092766742282,
    "f1_macro_1": 0.5766983306277057,
    "f1_samples_1": 0.7114116017778522,
    "acc_16": 0.8984,
    "f1_micro_16": 0.7739409042363831,
    "f1_macro_16": 0.6513635786435787,
    "f1_samples_16": 0.7372432739157985
}