{
    "mean_loss": 0.15248980112373828,
    "acc_1": 0.95096625,
    "f1_micro_1": 0.8487732852208241,
    "f1_macro_1": 0.6513061909271284,
    "f1_samples_1": 0.7499326153559436,
    "acc_16": 0.94272,
    "f1_micro_16": 0.8182741116751269,
    "f1_macro_16": 0.6143071861471859,
    "f1_samples_16": 0.7150696025725635
}