{
    "mean_loss": 0.15179109312593936,
    "acc_1": 0.955405625,
    "f1_micro_1": 0.8618773193541329,
    "f1_macro_1": 0.6604306664862916,
    "f1_samples_1": 0.7544005872825138,
    "acc_16": 0.94848,
    "f1_micro_16": 0.8338493292053664,
    "f1_macro_16": 0.6235712554112552,
    "f1_samples_16": 0.7185631519602229
}