{
    "mean_loss": 0.21296924874186515,
    "acc_1": 0.957728125,
    "f1_micro_1": 0.8654187866499257,
    "f1_macro_1": 0.657162776424964,
    "f1_samples_1": 0.7597197499554562,
    "acc_16": 0.95056,
    "f1_micro_16": 0.8346709470304975,
    "f1_macro_16": 0.6166144877344878,
    "f1_samples_16": 0.7238246765032474
}