{
    "mean_loss": 0.2653954645618796,
    "acc_1": 0.956389375,
    "f1_micro_1": 0.8610371479725248,
    "f1_macro_1": 0.6550714452561328,
    "f1_samples_1": 0.7377148451079616,
    "acc_16": 0.9528,
    "f1_micro_16": 0.8414830736163353,
    "f1_macro_16": 0.6240430591630591,
    "f1_samples_16": 0.7000730809678875
}