{
    "mean_loss": 0.23571219705045224,
    "acc_1": 0.957775,
    "f1_micro_1": 0.8666550874755258,
    "f1_macro_1": 0.6611267022907648,
    "f1_samples_1": 0.7532659513016109,
    "acc_16": 0.95232,
    "f1_micro_16": 0.8428270042194094,
    "f1_macro_16": 0.6292031168831168,
    "f1_samples_16": 0.719676276890426
}