{
    "mean_loss": 0.20701638162136077,
    "acc_1": 0.949478125,
    "f1_micro_1": 0.8410496406485042,
    "f1_macro_1": 0.6427135285894661,
    "f1_samples_1": 0.7300704121639261,
    "acc_16": 0.94096,
    "f1_micro_16": 0.8085106382978723,
    "f1_macro_16": 0.6048715728715729,
    "f1_samples_16": 0.6946075693637959
}