{
    "mean_loss": 0.22885569296777247,
    "acc_1": 0.948235625,
    "f1_micro_1": 0.8443396137762533,
    "f1_macro_1": 0.654702831439394,
    "f1_samples_1": 0.7637682110880856,
    "acc_16": 0.94208,
    "f1_micro_16": 0.8191808191808192,
    "f1_macro_16": 0.6230665512265512,
    "f1_samples_16": 0.7341274631015987
}