{
    "mean_loss": 0.11939347479492426,
    "acc_1": 0.95221,
    "f1_micro_1": 0.8529826841657983,
    "f1_macro_1": 0.6543197862554111,
    "f1_samples_1": 0.7427670854957962,
    "acc_16": 0.94768,
    "f1_micro_16": 0.8323936442849822,
    "f1_macro_16": 0.6263033766233765,
    "f1_samples_16": 0.713027409359415
}