{
    "mean_loss": 0.26957325283437966,
    "acc_1": 0.913063125,
    "f1_micro_1": 0.7460404110852058,
    "f1_macro_1": 0.5739323850108226,
    "f1_samples_1": 0.6942924844002589,
    "acc_16": 0.89696,
    "f1_micro_16": 0.7686781609195402,
    "f1_macro_16": 0.6463812987012988,
    "f1_samples_16": 0.7135583852140203
}