{
    "mean_loss": 0.19567984156310558,
    "acc_1": 0.958605,
    "f1_micro_1": 0.8679748515933038,
    "f1_macro_1": 0.6592265940656566,
    "f1_samples_1": 0.7540378157872946,
    "acc_16": 0.9512,
    "f1_micro_16": 0.8364611260053619,
    "f1_macro_16": 0.619001212121212,
    "f1_samples_16": 0.7135930926671633
}