{
    "mean_loss": 0.1508381564170122,
    "acc_1": 0.92181375,
    "f1_micro_1": 0.7756017234637171,
    "f1_macro_1": 0.6021702340367965,
    "f1_samples_1": 0.6717227484258796,
    "acc_16": 0.91216,
    "f1_micro_16": 0.7381974248927039,
    "f1_macro_16": 0.555394862914863,
    "f1_samples_16": 0.622452126990442
}