{
    "mean_loss": 0.29441340304911134,
    "acc_1": 0.908734375,
    "f1_micro_1": 0.7346355770960655,
    "f1_macro_1": 0.5625983540764791,
    "f1_samples_1": 0.6537161206448154,
    "acc_16": 0.88896,
    "f1_micro_16": 0.7516105941302792,
    "f1_macro_16": 0.6334500432900433,
    "f1_samples_16": 0.6744642597239137
}