{
    "mean_loss": 0.14643610455095768,
    "acc_1": 0.946724375,
    "f1_micro_1": 0.8294508036166249,
    "f1_macro_1": 0.6292626470057721,
    "f1_samples_1": 0.7063619474929291,
    "acc_16": 0.93792,
    "f1_micro_16": 0.7942735949098622,
    "f1_macro_16": 0.5897123232323231,
    "f1_samples_16": 0.6637240127409684
}