{
    "mean_loss": 0.17691444791853428,
    "acc_1": 0.954060625,
    "f1_micro_1": 0.8558484882359517,
    "f1_macro_1": 0.6561395607864358,
    "f1_samples_1": 0.7703741494355633,
    "acc_16": 0.95024,
    "f1_micro_16": 0.8389435525634387,
    "f1_macro_16": 0.628167619047619,
    "f1_samples_16": 0.7378243883011129
}