{
    "mean_loss": 0.16850788667798042,
    "acc_1": 0.9551175,
    "f1_micro_1": 0.8564936751863472,
    "f1_macro_1": 0.6483210412157285,
    "f1_samples_1": 0.7455445794422068,
    "acc_16": 0.948,
    "f1_micro_16": 0.8255501878690285,
    "f1_macro_16": 0.6118215295815296,
    "f1_samples_16": 0.6978353697350419
}