{
    "mean_loss": 0.20573663301765918,
    "acc_1": 0.95770625,
    "f1_micro_1": 0.8663646524928018,
    "f1_macro_1": 0.6613731750541125,
    "f1_samples_1": 0.7526350603514865,
    "acc_16": 0.95008,
    "f1_micro_16": 0.8356164383561644,
    "f1_macro_16": 0.6227688311688312,
    "f1_samples_16": 0.7148864429123913
}