{
    "mean_loss": 0.2136416619643569,
    "acc_1": 0.906011875,
    "f1_micro_1": 0.740940827474767,
    "f1_macro_1": 0.5775194498556999,
    "f1_samples_1": 0.7036253598787341,
    "acc_16": 0.90464,
    "f1_micro_16": 0.7953296703296703,
    "f1_macro_16": 0.6782988744588744,
    "f1_samples_16": 0.7586910793236485
}