{
    "mean_loss": 0.24103316627442836,
    "acc_1": 0.957936875,
    "f1_micro_1": 0.866753120761852,
    "f1_macro_1": 0.6617153711219337,
    "f1_samples_1": 0.7506505640756649,
    "acc_16": 0.95104,
    "f1_micro_16": 0.8380952380952381,
    "f1_macro_16": 0.6248627994227994,
    "f1_samples_16": 0.7109410606541513
}