{
    "mean_loss": 0.14312103278934957,
    "acc_1": 0.91196,
    "f1_micro_1": 0.7587961726289545,
    "f1_macro_1": 0.602054963474026,
    "f1_samples_1": 0.6655236645805179,
    "acc_16": 0.90544,
    "f1_micro_16": 0.7300137048880767,
    "f1_macro_16": 0.5744170851370852,
    "f1_samples_16": 0.6109477985208651
}