{
    "mean_loss": 0.16018527299165725,
    "acc_1": 0.894369375,
    "f1_micro_1": 0.7257856471844228,
    "f1_macro_1": 0.5818708671536796,
    "f1_samples_1": 0.6445822081551367,
    "acc_16": 0.89056,
    "f1_micro_16": 0.7044079515989629,
    "f1_macro_16": 0.5585580375180375,
    "f1_samples_16": 0.6099524383213502
}