{
    "mean_loss": 0.19456467293202878,
    "acc_1": 0.950881875,
    "f1_micro_1": 0.8490481596087764,
    "f1_macro_1": 0.6549009889069264,
    "f1_samples_1": 0.7606904343192534,
    "acc_16": 0.94496,
    "f1_micro_16": 0.8241308793456033,
    "f1_macro_16": 0.6221433766233767,
    "f1_samples_16": 0.7352316035322655
}