{
    "mean_loss": 0.1910911165177822,
    "acc_1": 0.948990625,
    "f1_micro_1": 0.841339116133585,
    "f1_macro_1": 0.6457320716089467,
    "f1_samples_1": 0.734254189516967,
    "acc_16": 0.94272,
    "f1_micro_16": 0.8156539649845521,
    "f1_macro_16": 0.6066868686868686,
    "f1_samples_16": 0.6980137450049987
}