{
    "mean_loss": 0.16357774566859007,
    "acc_1": 0.901119375,
    "f1_micro_1": 0.7316148841785626,
    "f1_macro_1": 0.5782931939935065,
    "f1_samples_1": 0.6642857499801406,
    "acc_16": 0.89056,
    "f1_micro_16": 0.6910569105691057,
    "f1_macro_16": 0.5396887734487734,
    "f1_samples_16": 0.6098002788494948
}