{
    "mean_loss": 0.22174366377294064,
    "acc_1": 0.95189875,
    "f1_micro_1": 0.8471963563154947,
    "f1_macro_1": 0.6400826154401155,
    "f1_samples_1": 0.728379477255264,
    "acc_16": 0.94368,
    "f1_micro_16": 0.8153200419727177,
    "f1_macro_16": 0.6032754978354977,
    "f1_samples_16": 0.6910449164704994
}