{
    "mean_loss": 0.22772041019052267,
    "acc_1": 0.907194375,
    "f1_micro_1": 0.739606733199006,
    "f1_macro_1": 0.5740991977813853,
    "f1_samples_1": 0.6694464963911726,
    "acc_16": 0.89696,
    "f1_micro_16": 0.775766016713092,
    "f1_macro_16": 0.6559103030303031,
    "f1_samples_16": 0.7064209969399362
}