{
    "mean_loss": 0.16977860517799853,
    "acc_1": 0.945944375,
    "f1_micro_1": 0.8334613821960092,
    "f1_macro_1": 0.6400783730158729,
    "f1_samples_1": 0.7424516436998008,
    "acc_16": 0.94144,
    "f1_micro_16": 0.8123076923076923,
    "f1_macro_16": 0.6069097835497836,
    "f1_samples_16": 0.7366954135670525
}