{
    "mean_loss": 0.14380099596455692,
    "acc_1": 0.948953125,
    "f1_micro_1": 0.8424719226815358,
    "f1_macro_1": 0.6472362748015871,
    "f1_samples_1": 0.7803105727469144,
    "acc_16": 0.94144,
    "f1_micro_16": 0.8119218910585818,
    "f1_macro_16": 0.6086424242424242,
    "f1_samples_16": 0.7430439347257326
}