{
    "mean_loss": 0.14785835072398185,
    "acc_1": 0.94101625,
    "f1_micro_1": 0.8215054414229028,
    "f1_macro_1": 0.6369195468073592,
    "f1_samples_1": 0.7272899291212367,
    "acc_16": 0.93424,
    "f1_micro_16": 0.7937782237832414,
    "f1_macro_16": 0.5979751803751804,
    "f1_samples_16": 0.6983788284756446
}