{
    "mean_loss": 0.21367526687681676,
    "acc_1": 0.951900625,
    "f1_micro_1": 0.8455100783099032,
    "f1_macro_1": 0.63695621257215,
    "f1_samples_1": 0.7178309617973635,
    "acc_16": 0.94304,
    "f1_micro_16": 0.8122362869198313,
    "f1_macro_16": 0.6018227994227993,
    "f1_samples_16": 0.6796506085827522
}