{
    "mean_loss": 0.19645328484475613,
    "acc_1": 0.952291875,
    "f1_micro_1": 0.8477180550651259,
    "f1_macro_1": 0.6452022772366522,
    "f1_samples_1": 0.7275149442554482,
    "acc_16": 0.94528,
    "f1_micro_16": 0.8180851063829787,
    "f1_macro_16": 0.6031739105339105,
    "f1_samples_16": 0.684438686276646
}