{
    "mean_loss": 0.22609461583197116,
    "acc_1": 0.95212625,
    "f1_micro_1": 0.8487801411158975,
    "f1_macro_1": 0.6458546834415585,
    "f1_samples_1": 0.7420040005167879,
    "acc_16": 0.94576,
    "f1_micro_16": 0.8224201152435829,
    "f1_macro_16": 0.6104405194805195,
    "f1_samples_16": 0.7019445981278724
}