{
    "mean_loss": 0.2326289901509881,
    "acc_1": 0.949961875,
    "f1_micro_1": 0.8430770316331271,
    "f1_macro_1": 0.643025423881674,
    "f1_samples_1": 0.7369451053189027,
    "acc_16": 0.94304,
    "f1_micro_16": 0.8159255429162358,
    "f1_macro_16": 0.6089452236652236,
    "f1_samples_16": 0.701949482666875
}