{
    "mean_loss": 0.1352929538115859,
    "acc_1": 0.9401125,
    "f1_micro_1": 0.8183906477438138,
    "f1_macro_1": 0.6333423444264069,
    "f1_samples_1": 0.7161075781254003,
    "acc_16": 0.93168,
    "f1_micro_16": 0.7866066966516742,
    "f1_macro_16": 0.5965129004329004,
    "f1_samples_16": 0.6711387568104744
}