{
    "mean_loss": 0.23870133012533187,
    "acc_1": 0.956611875,
    "f1_micro_1": 0.8626091224486969,
    "f1_macro_1": 0.6581316157106782,
    "f1_samples_1": 0.7476464686892996,
    "acc_16": 0.94992,
    "f1_micro_16": 0.8350026357406432,
    "f1_macro_16": 0.6232234343434344,
    "f1_samples_16": 0.7113554661616865
}