{
    "mean_loss": 0.1445742340758443,
    "acc_1": 0.938624375,
    "f1_micro_1": 0.8155832449130977,
    "f1_macro_1": 0.6313280158730159,
    "f1_samples_1": 0.7217896001572844,
    "acc_16": 0.93376,
    "f1_micro_16": 0.794846382556987,
    "f1_macro_16": 0.6055053391053391,
    "f1_samples_16": 0.7023176865843188
}