{
    "mean_loss": 0.12970733605325221,
    "acc_1": 0.928499375,
    "f1_micro_1": 0.795768299018304,
    "f1_macro_1": 0.6243783040223665,
    "f1_samples_1": 0.7566235166921297,
    "acc_16": 0.91952,
    "f1_micro_16": 0.7641819034224098,
    "f1_macro_16": 0.5930665512265513,
    "f1_samples_16": 0.7370691524480446
}