{
    "mean_loss": 0.15564307374879718,
    "acc_1": 0.947943125,
    "f1_micro_1": 0.8406734140700768,
    "f1_macro_1": 0.645765551497114,
    "f1_samples_1": 0.7694928164886277,
    "acc_16": 0.94016,
    "f1_micro_16": 0.8103448275862069,
    "f1_macro_16": 0.6114126406926406,
    "f1_samples_16": 0.7420609751202341
}