{
    "mean_loss": 0.17900880631059407,
    "acc_1": 0.95114125,
    "f1_micro_1": 0.8468725759819477,
    "f1_macro_1": 0.6493610736832613,
    "f1_samples_1": 0.7650338432061614,
    "acc_16": 0.94624,
    "f1_micro_16": 0.8251821019771072,
    "f1_macro_16": 0.615242481962482,
    "f1_samples_16": 0.7668108968851849
}