{
    "mean_loss": 0.16345375925302505,
    "acc_1": 0.945093125,
    "f1_micro_1": 0.8306849040494467,
    "f1_macro_1": 0.6388498525432901,
    "f1_samples_1": 0.7218700629092066,
    "acc_16": 0.93872,
    "f1_micro_16": 0.8044920877998979,
    "f1_macro_16": 0.6008114285714284,
    "f1_samples_16": 0.684887559802037
}