{
    "mean_loss": 0.17390445955097675,
    "acc_1": 0.9480925,
    "f1_micro_1": 0.8376920581441253,
    "f1_macro_1": 0.6414784699675323,
    "f1_samples_1": 0.7219369179078656,
    "acc_16": 0.94096,
    "f1_micro_16": 0.8085106382978723,
    "f1_macro_16": 0.6011726406926408,
    "f1_samples_16": 0.6850530644267355
}