{
    "mean_loss": 0.14752259254455566,
    "acc_1": 0.929318125,
    "f1_micro_1": 0.7896126220148567,
    "f1_macro_1": 0.6121030361652237,
    "f1_samples_1": 0.6855195728722555,
    "acc_16": 0.9232,
    "f1_micro_16": 0.7599999999999999,
    "f1_macro_16": 0.5704850793650794,
    "f1_samples_16": 0.6375087259486524
}