{
    "mean_loss": 0.26828018091619016,
    "acc_1": 0.906166875,
    "f1_micro_1": 0.7262789226401989,
    "f1_macro_1": 0.5513116531385281,
    "f1_samples_1": 0.6432833879536084,
    "acc_16": 0.88304,
    "f1_micro_16": 0.7377108001435234,
    "f1_macro_16": 0.6142708225108225,
    "f1_samples_16": 0.6616249385054734
}