{
    "mean_loss": 0.24826165065169334,
    "acc_1": 0.95725875,
    "f1_micro_1": 0.863072450303545,
    "f1_macro_1": 0.6555610727813852,
    "f1_samples_1": 0.7447788941366374,
    "acc_16": 0.95152,
    "f1_micro_16": 0.8373590982286635,
    "f1_macro_16": 0.6196627994227993,
    "f1_samples_16": 0.6981499280696906
}