{
    "mean_loss": 0.19478168990463018,
    "acc_1": 0.95689625,
    "f1_micro_1": 0.8640544365727983,
    "f1_macro_1": 0.6580599598665224,
    "f1_samples_1": 0.7647355219651206,
    "acc_16": 0.95136,
    "f1_micro_16": 0.84,
    "f1_macro_16": 0.6207877633477632,
    "f1_samples_16": 0.7419761760179757
}