{
    "mean_loss": 0.1791357435286045,
    "acc_1": 0.95262,
    "f1_micro_1": 0.8508526863357704,
    "f1_macro_1": 0.6472603021284271,
    "f1_samples_1": 0.761976926914238,
    "acc_16": 0.94512,
    "f1_micro_16": 0.8207004704652379,
    "f1_macro_16": 0.6088170851370852,
    "f1_samples_16": 0.7302947122427825
}