{
    "mean_loss": 0.20144006088376046,
    "acc_1": 0.954515,
    "f1_micro_1": 0.855132354756132,
    "f1_macro_1": 0.6501207332251082,
    "f1_samples_1": 0.752266328974009,
    "acc_16": 0.95024,
    "f1_micro_16": 0.8351881293057764,
    "f1_macro_16": 0.6197452236652237,
    "f1_samples_16": 0.7050100477438491
}