{
    "mean_loss": 0.14899615198373795,
    "acc_1": 0.945224375,
    "f1_micro_1": 0.8300374867400112,
    "f1_macro_1": 0.6378232747113997,
    "f1_samples_1": 0.7156546628002746,
    "acc_16": 0.93808,
    "f1_micro_16": 0.8012326656394453,
    "f1_macro_16": 0.6014805194805194,
    "f1_samples_16": 0.6761101124967206
}