{
    "mean_loss": 0.16042780503630638,
    "acc_1": 0.947886875,
    "f1_micro_1": 0.8329878157479905,
    "f1_macro_1": 0.6333116770382395,
    "f1_samples_1": 0.7147460319266853,
    "acc_16": 0.94016,
    "f1_micro_16": 0.7995712754555199,
    "f1_macro_16": 0.5888976623376624,
    "f1_samples_16": 0.660673720184313
}