{
    "mean_loss": 0.21094070076942445,
    "acc_1": 0.955358125,
    "f1_micro_1": 0.8591708416389157,
    "f1_macro_1": 0.6530040652056277,
    "f1_samples_1": 0.7509916683800425,
    "acc_16": 0.94848,
    "f1_micro_16": 0.8305263157894737,
    "f1_macro_16": 0.6134328427128426,
    "f1_samples_16": 0.7100354700901617
}