{
    "mean_loss": 0.267677485384047,
    "acc_1": 0.955650625,
    "f1_micro_1": 0.8585078912473454,
    "f1_macro_1": 0.6516320756673882,
    "f1_samples_1": 0.7394352802777605,
    "acc_16": 0.9512,
    "f1_micro_16": 0.8364611260053619,
    "f1_macro_16": 0.6206297258297258,
    "f1_samples_16": 0.694463299980884
}