{
    "mean_loss": 0.019172199722379445,
    "acc_1": 0.99166625,
    "f1_micro_1": 0.9734203507540934,
    "f1_macro_1": 0.758931838474026,
    "f1_samples_1": 0.9583736672996327,
    "acc_16": 0.99168,
    "f1_micro_16": 0.9724284199363732,
    "f1_macro_16": 0.7519586724386723,
    "f1_samples_16": 0.9597355498634889
}