{
    "mean_loss": 0.18433811236172915,
    "acc_1": 0.953563125,
    "f1_micro_1": 0.8542222169901094,
    "f1_macro_1": 0.6538874044011543,
    "f1_samples_1": 0.7741296061686653,
    "acc_16": 0.9496,
    "f1_micro_16": 0.8358520062532568,
    "f1_macro_16": 0.6251644444444444,
    "f1_samples_16": 0.7849511553204573
}