{
    "mean_loss": 0.16200754921883345,
    "acc_1": 0.95387125,
    "f1_micro_1": 0.8556423977843495,
    "f1_macro_1": 0.6528455406746032,
    "f1_samples_1": 0.7689596901486975,
    "acc_16": 0.94672,
    "f1_micro_16": 0.8261096605744125,
    "f1_macro_16": 0.6163630591630591,
    "f1_samples_16": 0.7238710935524393
}