{
    "mean_loss": 0.15886622108519077,
    "acc_1": 0.946823125,
    "f1_micro_1": 0.8345142674869345,
    "f1_macro_1": 0.6404132093253968,
    "f1_samples_1": 0.7179179318595906,
    "acc_16": 0.93984,
    "f1_micro_16": 0.8057851239669421,
    "f1_macro_16": 0.602394227994228,
    "f1_samples_16": 0.6809826480002427
}