{
    "mean_loss": 0.2210330717265606,
    "acc_1": 0.9578375,
    "f1_micro_1": 0.8648886823742418,
    "f1_macro_1": 0.6570674337121213,
    "f1_samples_1": 0.7433823445724699,
    "acc_16": 0.95136,
    "f1_micro_16": 0.8365591397849462,
    "f1_macro_16": 0.617778354978355,
    "f1_samples_16": 0.7042015999756884
}