{
    "mean_loss": 0.2080408550798893,
    "acc_1": 0.95897125,
    "f1_micro_1": 0.8683198067904181,
    "f1_macro_1": 0.6604550360750362,
    "f1_samples_1": 0.7500076745313311,
    "acc_16": 0.95232,
    "f1_micro_16": 0.8392664509169364,
    "f1_macro_16": 0.6187929581529581,
    "f1_samples_16": 0.7119410491935383
}