{
    "mean_loss": 0.23297574669122695,
    "acc_1": 0.95868875,
    "f1_micro_1": 0.8673327659847779,
    "f1_macro_1": 0.6582078125,
    "f1_samples_1": 0.7466809010687228,
    "acc_16": 0.95184,
    "f1_micro_16": 0.8386058981233243,
    "f1_macro_16": 0.6202685137085137,
    "f1_samples_16": 0.7105195913641614
}