{
    "mean_loss": 0.2240411277860403,
    "acc_1": 0.94928625,
    "f1_micro_1": 0.8410713026582785,
    "f1_macro_1": 0.6414659199134198,
    "f1_samples_1": 0.7266253696502621,
    "acc_16": 0.9416,
    "f1_micro_16": 0.8107827890098497,
    "f1_macro_16": 0.6038037518037518,
    "f1_samples_16": 0.6869670873103444
}