{
    "mean_loss": 0.15904300585389136,
    "acc_1": 0.953971875,
    "f1_micro_1": 0.855340204403535,
    "f1_macro_1": 0.6526241513347762,
    "f1_samples_1": 0.7483786257524973,
    "acc_16": 0.94704,
    "f1_micro_16": 0.8273343766301512,
    "f1_macro_16": 0.6199191919191919,
    "f1_samples_16": 0.7170325136066624
}