{
    "mean_loss": 0.24764607548713685,
    "acc_1": 0.956829375,
    "f1_micro_1": 0.8617193146124325,
    "f1_macro_1": 0.6544638023088022,
    "f1_samples_1": 0.7417878648247646,
    "acc_16": 0.95168,
    "f1_micro_16": 0.8383297644539616,
    "f1_macro_16": 0.6230850216450216,
    "f1_samples_16": 0.7085561549000977
}