{
    "mean_loss": 0.25974886380136014,
    "acc_1": 0.956885625,
    "f1_micro_1": 0.8616158029565346,
    "f1_macro_1": 0.6542308346861471,
    "f1_samples_1": 0.7389647042672645,
    "acc_16": 0.95072,
    "f1_micro_16": 0.8347639484978541,
    "f1_macro_16": 0.6205148629148629,
    "f1_samples_16": 0.7047319311812119
}