{
    "mean_loss": 0.2299970854073763,
    "acc_1": 0.956185,
    "f1_micro_1": 0.8590222615480525,
    "f1_macro_1": 0.6483297389069264,
    "f1_samples_1": 0.7337043024576339,
    "acc_16": 0.94912,
    "f1_micro_16": 0.8313891834570518,
    "f1_macro_16": 0.6161535353535353,
    "f1_samples_16": 0.7028756096681248
}