{
    "mean_loss": 0.14310861974954606,
    "acc_1": 0.93151,
    "f1_micro_1": 0.7944608874734129,
    "f1_macro_1": 0.6163428377525253,
    "f1_samples_1": 0.6848354909342644,
    "acc_16": 0.92384,
    "f1_micro_16": 0.7659783677482793,
    "f1_macro_16": 0.5975593650793651,
    "f1_samples_16": 0.6472015474697627
}