{
    "mean_loss": 0.1547726456075907,
    "acc_1": 0.953295625,
    "f1_micro_1": 0.852159530879976,
    "f1_macro_1": 0.6496878846500723,
    "f1_samples_1": 0.7365360101070824,
    "acc_16": 0.9472,
    "f1_micro_16": 0.8257655755015839,
    "f1_macro_16": 0.6135166522366522,
    "f1_samples_16": 0.7004024810440559
}