{
    "mean_loss": 0.13446390070021152,
    "acc_1": 0.93216,
    "f1_micro_1": 0.8015046613780417,
    "f1_macro_1": 0.6283849359668108,
    "f1_samples_1": 0.705346589506227,
    "acc_16": 0.92576,
    "f1_micro_16": 0.7767083734359962,
    "f1_macro_16": 0.6052252813852812,
    "f1_samples_16": 0.6674862758272083
}