{
    "mean_loss": 0.1651683460921049,
    "acc_1": 0.942809375,
    "f1_micro_1": 0.8230751531814763,
    "f1_macro_1": 0.6255643393759018,
    "f1_samples_1": 0.6916947180419888,
    "acc_16": 0.93328,
    "f1_micro_16": 0.7880020335536351,
    "f1_macro_16": 0.5863434343434344,
    "f1_samples_16": 0.6457769154259234
}