{
    "mean_loss": 0.23101229444146157,
    "acc_1": 0.914988125,
    "f1_micro_1": 0.751779727981284,
    "f1_macro_1": 0.5764104577020204,
    "f1_samples_1": 0.7010302435563267,
    "acc_16": 0.89552,
    "f1_micro_16": 0.7655296229802514,
    "f1_macro_16": 0.6429713131313132,
    "f1_samples_16": 0.7081509588785254
}