{
    "mean_loss": 0.18409842550754546,
    "acc_1": 0.95585625,
    "f1_micro_1": 0.8575048520576355,
    "f1_macro_1": 0.6462377687590188,
    "f1_samples_1": 0.7388333353199223,
    "acc_16": 0.95104,
    "f1_micro_16": 0.8340563991323211,
    "f1_macro_16": 0.6139815295815294,
    "f1_samples_16": 0.6963116708097099
}