{
    "mean_loss": 0.20056478958576918,
    "acc_1": 0.95442625,
    "f1_micro_1": 0.8546790175617611,
    "f1_macro_1": 0.6497785579004328,
    "f1_samples_1": 0.7498162427202996,
    "acc_16": 0.95104,
    "f1_micro_16": 0.8375796178343949,
    "f1_macro_16": 0.6203318903318904,
    "f1_samples_16": 0.7024349959080222
}