{
    "mean_loss": 0.11740523837506771,
    "acc_1": 0.9487825,
    "f1_micro_1": 0.8438966778421213,
    "f1_macro_1": 0.650356681998557,
    "f1_samples_1": 0.7232561058574183,
    "acc_16": 0.94336,
    "f1_micro_16": 0.8208502024291499,
    "f1_macro_16": 0.6200811544011543,
    "f1_samples_16": 0.6938757906048895
}