{
    "mean_loss": 0.24836009964346886,
    "acc_1": 0.95807,
    "f1_micro_1": 0.8668429179915288,
    "f1_macro_1": 0.6603191504329005,
    "f1_samples_1": 0.7508258601513322,
    "acc_16": 0.952,
    "f1_micro_16": 0.8416050686378036,
    "f1_macro_16": 0.628987243867244,
    "f1_samples_16": 0.7186393395207789
}