{
    "mean_loss": 0.14655052684247494,
    "acc_1": 0.91481,
    "f1_micro_1": 0.7634892211163398,
    "f1_macro_1": 0.6050248232323232,
    "f1_samples_1": 0.6819690980333523,
    "acc_16": 0.90832,
    "f1_micro_16": 0.7363092498849517,
    "f1_macro_16": 0.5792215873015872,
    "f1_samples_16": 0.6290604478722562
}