{
    "mean_loss": 0.22358212992548943,
    "acc_1": 0.949058125,
    "f1_micro_1": 0.8402089847770471,
    "f1_macro_1": 0.6439995427489178,
    "f1_samples_1": 0.7226824717937577,
    "acc_16": 0.9424,
    "f1_micro_16": 0.8124999999999999,
    "f1_macro_16": 0.6038786724386724,
    "f1_samples_16": 0.6843537821958898
}