{
    "mean_loss": 0.2176374113187194,
    "acc_1": 0.95144125,
    "f1_micro_1": 0.8467997002800016,
    "f1_macro_1": 0.6452180591630591,
    "f1_samples_1": 0.7478034368354981,
    "acc_16": 0.94416,
    "f1_micro_16": 0.8173731030873889,
    "f1_macro_16": 0.6054239538239538,
    "f1_samples_16": 0.6962491074126631
}