{
    "mean_loss": 0.21497979778796433,
    "acc_1": 0.952598125,
    "f1_micro_1": 0.8487836778964537,
    "f1_macro_1": 0.6422998051948052,
    "f1_samples_1": 0.7222052310715129,
    "acc_16": 0.94528,
    "f1_micro_16": 0.82,
    "f1_macro_16": 0.6115104184704185,
    "f1_samples_16": 0.687835750887491
}