{
    "mean_loss": 0.2029562395066023,
    "acc_1": 0.9514825,
    "f1_micro_1": 0.8448935226441711,
    "f1_macro_1": 0.6426603819444444,
    "f1_samples_1": 0.7247215702809837,
    "acc_16": 0.94416,
    "f1_micro_16": 0.8134687332977019,
    "f1_macro_16": 0.5985212121212121,
    "f1_samples_16": 0.6825227317561892
}