{
    "mean_loss": 0.20255255624651908,
    "acc_1": 0.9501975,
    "f1_micro_1": 0.8430682091215963,
    "f1_macro_1": 0.6448381146284271,
    "f1_samples_1": 0.729279483843722,
    "acc_16": 0.94368,
    "f1_micro_16": 0.8155136268343814,
    "f1_macro_16": 0.6057243290043289,
    "f1_samples_16": 0.696789218833784
}