{
    "mean_loss": 0.2276919323951006,
    "acc_1": 0.949655,
    "f1_micro_1": 0.8428676766061042,
    "f1_macro_1": 0.6438621455627705,
    "f1_samples_1": 0.7361413128543282,
    "acc_16": 0.9432,
    "f1_micro_16": 0.8163476461458874,
    "f1_macro_16": 0.6100735353535354,
    "f1_samples_16": 0.697323518524175
}