{
    "mean_loss": 0.23720999509096147,
    "acc_1": 0.950446875,
    "f1_micro_1": 0.8436646573873059,
    "f1_macro_1": 0.6469219268578644,
    "f1_samples_1": 0.7257908671560982,
    "acc_16": 0.94448,
    "f1_micro_16": 0.8180388044048242,
    "f1_macro_16": 0.6092622222222221,
    "f1_samples_16": 0.6862835655838473
}