{
    "mean_loss": 0.29718526378273963,
    "acc_1": 0.920866875,
    "f1_micro_1": 0.7544932240494375,
    "f1_macro_1": 0.5687390602453103,
    "f1_samples_1": 0.7015137030982505,
    "acc_16": 0.88496,
    "f1_micro_16": 0.7295975930801053,
    "f1_macro_16": 0.6024830014430016,
    "f1_samples_16": 0.6903787218698528
}