{
    "mean_loss": 0.23405042383819818,
    "acc_1": 0.956336875,
    "f1_micro_1": 0.8609916687725219,
    "f1_macro_1": 0.6563264853896104,
    "f1_samples_1": 0.7908231722978937,
    "acc_16": 0.95088,
    "f1_micro_16": 0.8360918312867059,
    "f1_macro_16": 0.6188118903318902,
    "f1_samples_16": 0.7049432350925178
}