{
    "mean_loss": 0.20128048285841943,
    "acc_1": 0.9550825,
    "f1_micro_1": 0.8580317881736615,
    "f1_macro_1": 0.6517055668290043,
    "f1_samples_1": 0.7536954819491961,
    "acc_16": 0.94864,
    "f1_micro_16": 0.8304278922345484,
    "f1_macro_16": 0.6168684559884561,
    "f1_samples_16": 0.7332727960713735
}