{
    "mean_loss": 0.23781393226236106,
    "acc_1": 0.954430625,
    "f1_micro_1": 0.8531941069044738,
    "f1_macro_1": 0.6419011219336219,
    "f1_samples_1": 0.7325809603128889,
    "acc_16": 0.94528,
    "f1_micro_16": 0.8182784272051009,
    "f1_macro_16": 0.6050304184704184,
    "f1_samples_16": 0.6940283934000154
}