{
    "mean_loss": 0.14805211462080478,
    "acc_1": 0.940891875,
    "f1_micro_1": 0.8239935830509169,
    "f1_macro_1": 0.6427561332070705,
    "f1_samples_1": 0.7180561770586383,
    "acc_16": 0.9352,
    "f1_micro_16": 0.7996041563582384,
    "f1_macro_16": 0.6131231168831169,
    "f1_samples_16": 0.6864601915175648
}