{
    "mean_loss": 0.22179872803390027,
    "acc_1": 0.9561175,
    "f1_micro_1": 0.8583938720438218,
    "f1_macro_1": 0.6471718335137085,
    "f1_samples_1": 0.7297929295006937,
    "acc_16": 0.9488,
    "f1_micro_16": 0.8292422625400214,
    "f1_macro_16": 0.6107104184704183,
    "f1_samples_16": 0.6970594084466882
}