{
    "mean_loss": 0.13715733792632817,
    "acc_1": 0.9433025,
    "f1_micro_1": 0.827036302623551,
    "f1_macro_1": 0.6344918795093795,
    "f1_samples_1": 0.7392166037379464,
    "acc_16": 0.93488,
    "f1_micro_16": 0.793505834601725,
    "f1_macro_16": 0.5936640692640692,
    "f1_samples_16": 0.7023681515038309
}