{
    "mean_loss": 0.16505996994674205,
    "acc_1": 0.94042875,
    "f1_micro_1": 0.8174236184273537,
    "f1_macro_1": 0.6311425780122655,
    "f1_samples_1": 0.7198420381327526,
    "acc_16": 0.93584,
    "f1_micro_16": 0.7961362480935434,
    "f1_macro_16": 0.5996468686868686,
    "f1_samples_16": 0.6961366365176068
}