{
    "mean_loss": 0.14121750108897685,
    "acc_1": 0.95797625,
    "f1_micro_1": 0.8685289033842497,
    "f1_macro_1": 0.6647513983585858,
    "f1_samples_1": 0.7594759870936226,
    "acc_16": 0.9528,
    "f1_micro_16": 0.8448185165702262,
    "f1_macro_16": 0.6332913131313131,
    "f1_samples_16": 0.7275507117359401
}