{
    "mean_loss": 0.20999609474092723,
    "acc_1": 0.949943125,
    "f1_micro_1": 0.8435750152829345,
    "f1_macro_1": 0.6442695589826839,
    "f1_samples_1": 0.7446450379654996,
    "acc_16": 0.94144,
    "f1_micro_16": 0.8125,
    "f1_macro_16": 0.6042944877344875,
    "f1_samples_16": 0.6981733806612064
}