{
    "mean_loss": 0.16229409500956535,
    "acc_1": 0.9504925,
    "f1_micro_1": 0.8425991058122207,
    "f1_macro_1": 0.6414883139430015,
    "f1_samples_1": 0.7278448527007985,
    "acc_16": 0.94384,
    "f1_micro_16": 0.8151658767772512,
    "f1_macro_16": 0.6066678210678208,
    "f1_samples_16": 0.6980289309814228
}