{
    "mean_loss": 0.1410090269520879,
    "acc_1": 0.93979625,
    "f1_micro_1": 0.8183316673896235,
    "f1_macro_1": 0.6333599567099566,
    "f1_samples_1": 0.7499305998018914,
    "acc_16": 0.92928,
    "f1_micro_16": 0.7803180914512922,
    "f1_macro_16": 0.5934196825396826,
    "f1_samples_16": 0.7226880232918977
}