{
    "mean_loss": 0.1808682434260845,
    "acc_1": 0.952848125,
    "f1_micro_1": 0.8481418038281074,
    "f1_macro_1": 0.6467908400974027,
    "f1_samples_1": 0.7241482200980911,
    "acc_16": 0.94832,
    "f1_micro_16": 0.8247422680412372,
    "f1_macro_16": 0.6099530158730158,
    "f1_samples_16": 0.6882970687795054
}