{
    "mean_loss": 0.192871617898345,
    "acc_1": 0.947805,
    "f1_micro_1": 0.8358925181671336,
    "f1_macro_1": 0.6366186846139972,
    "f1_samples_1": 0.7291177602048241,
    "acc_16": 0.94272,
    "f1_micro_16": 0.8148914167528438,
    "f1_macro_16": 0.6081141702741701,
    "f1_samples_16": 0.7019840122453866
}