{
    "mean_loss": 0.1995684077963233,
    "acc_1": 0.95559375,
    "f1_micro_1": 0.8595722140747972,
    "f1_macro_1": 0.6530834167568541,
    "f1_samples_1": 0.7573573833036674,
    "acc_16": 0.9496,
    "f1_micro_16": 0.8337730870712401,
    "f1_macro_16": 0.618892582972583,
    "f1_samples_16": 0.7292708307808762
}