{
    "mean_loss": 0.2388385247439146,
    "acc_1": 0.95531125,
    "f1_micro_1": 0.8577301126188865,
    "f1_macro_1": 0.6521027547799422,
    "f1_samples_1": 0.7551945979944308,
    "acc_16": 0.94928,
    "f1_micro_16": 0.8320084790673025,
    "f1_macro_16": 0.6165738528138528,
    "f1_samples_16": 0.7047474158539628
}