{
    "mean_loss": 0.1549942135810852,
    "acc_1": 0.94259875,
    "f1_micro_1": 0.8166855619071951,
    "f1_macro_1": 0.6174871397005771,
    "f1_samples_1": 0.7032159600188022,
    "acc_16": 0.93408,
    "f1_micro_16": 0.782010582010582,
    "f1_macro_16": 0.5778139105339104,
    "f1_samples_16": 0.6620616732028451
}