{
    "mean_loss": 0.1568294208496809,
    "acc_1": 0.943468125,
    "f1_micro_1": 0.8270161621918312,
    "f1_macro_1": 0.6359885502344877,
    "f1_samples_1": 0.720948113445714,
    "acc_16": 0.9352,
    "f1_micro_16": 0.7953511874684184,
    "f1_macro_16": 0.5985464935064935,
    "f1_samples_16": 0.6798806806865818
}