{
    "mean_loss": 0.16656924672424794,
    "acc_1": 0.950348125,
    "f1_micro_1": 0.8433932545729453,
    "f1_macro_1": 0.6443924990981241,
    "f1_samples_1": 0.7237775251990133,
    "acc_16": 0.9424,
    "f1_micro_16": 0.8109243697478993,
    "f1_macro_16": 0.5976691486291487,
    "f1_samples_16": 0.6807628823391353
}