{
    "mean_loss": 0.17975617945194244,
    "acc_1": 0.9502175,
    "f1_micro_1": 0.8430125074402123,
    "f1_macro_1": 0.6447517086038961,
    "f1_samples_1": 0.7290737880283815,
    "acc_16": 0.94352,
    "f1_micro_16": 0.8154730789336122,
    "f1_macro_16": 0.6028214718614718,
    "f1_samples_16": 0.6917192397989298
}