{
    "mean_loss": 0.2541476357728243,
    "acc_1": 0.953851875,
    "f1_micro_1": 0.8516355116713183,
    "f1_macro_1": 0.6396289714105339,
    "f1_samples_1": 0.7310201964375768,
    "acc_16": 0.9448,
    "f1_micro_16": 0.8163916977115487,
    "f1_macro_16": 0.6025859740259739,
    "f1_samples_16": 0.6901958608001534
}