{
    "mean_loss": 0.13822502475231885,
    "acc_1": 0.955388125,
    "f1_micro_1": 0.8615142843284668,
    "f1_macro_1": 0.6601986828102454,
    "f1_samples_1": 0.7510271377739886,
    "acc_16": 0.94912,
    "f1_micro_16": 0.8354037267080746,
    "f1_macro_16": 0.6213617316017318,
    "f1_samples_16": 0.7160310256832216
}