{
    "mean_loss": 0.14519217237830162,
    "acc_1": 0.9435725,
    "f1_micro_1": 0.8254734123578217,
    "f1_macro_1": 0.633098979076479,
    "f1_samples_1": 0.6980161732613994,
    "acc_16": 0.9336,
    "f1_micro_16": 0.7892331132554598,
    "f1_macro_16": 0.5951954978354979,
    "f1_samples_16": 0.6520872957020414
}