{
    "mean_loss": 0.13821458872407674,
    "acc_1": 0.930081875,
    "f1_micro_1": 0.7959328489575829,
    "f1_macro_1": 0.6208832972582972,
    "f1_samples_1": 0.7047620896865727,
    "acc_16": 0.92592,
    "f1_micro_16": 0.7738153395212505,
    "f1_macro_16": 0.5926951803751803,
    "f1_samples_16": 0.6608546371505573
}