{
    "mean_loss": 0.1351785458624363,
    "acc_1": 0.93319625,
    "f1_micro_1": 0.8038321067410574,
    "f1_macro_1": 0.627237923881674,
    "f1_samples_1": 0.7002337531699144,
    "acc_16": 0.92592,
    "f1_micro_16": 0.7760038703434929,
    "f1_macro_16": 0.5976304761904762,
    "f1_samples_16": 0.6638427721306702
}