{
    "mean_loss": 0.21884547136723995,
    "acc_1": 0.953315,
    "f1_micro_1": 0.851911768787594,
    "f1_macro_1": 0.6453145179473305,
    "f1_samples_1": 0.7368459328349602,
    "acc_16": 0.94512,
    "f1_micro_16": 0.8197582764056752,
    "f1_macro_16": 0.6065885137085137,
    "f1_samples_16": 0.6961153371716178
}