{
    "mean_loss": 0.25416976530104873,
    "acc_1": 0.956746875,
    "f1_micro_1": 0.862536027061761,
    "f1_macro_1": 0.6575817794011544,
    "f1_samples_1": 0.7435729892477116,
    "acc_16": 0.95232,
    "f1_micro_16": 0.8408119658119659,
    "f1_macro_16": 0.6273421067821066,
    "f1_samples_16": 0.700753964372592
}