{
    "mean_loss": 0.20657189674675464,
    "acc_1": 0.955759375,
    "f1_micro_1": 0.8608465390036624,
    "f1_macro_1": 0.6558968713924963,
    "f1_samples_1": 0.7562939439164091,
    "acc_16": 0.94912,
    "f1_micro_16": 0.8322784810126582,
    "f1_macro_16": 0.6169261760461761,
    "f1_samples_16": 0.7230469540997301
}