{
    "mean_loss": 0.25285733193159105,
    "acc_1": 0.956100625,
    "f1_micro_1": 0.8605813032578469,
    "f1_macro_1": 0.6558801623376623,
    "f1_samples_1": 0.7501817483509722,
    "acc_16": 0.95168,
    "f1_micro_16": 0.8385026737967914,
    "f1_macro_16": 0.6225929004329003,
    "f1_samples_16": 0.701616365064312
}