{
    "mean_loss": 0.21188165452331303,
    "acc_1": 0.95400375,
    "f1_micro_1": 0.8555076492947571,
    "f1_macro_1": 0.651517214556277,
    "f1_samples_1": 0.7590326674572991,
    "acc_16": 0.94608,
    "f1_micro_16": 0.8227248816412415,
    "f1_macro_16": 0.6072519480519482,
    "f1_samples_16": 0.7198362172303445
}