{
    "mean_loss": 0.16604622565209864,
    "acc_1": 0.93446375,
    "f1_micro_1": 0.8092561466314494,
    "f1_macro_1": 0.6312837206890333,
    "f1_samples_1": 0.7212918948530765,
    "acc_16": 0.92816,
    "f1_micro_16": 0.783822821376986,
    "f1_macro_16": 0.5953141702741702,
    "f1_samples_16": 0.6883798268636472
}