{
    "mean_loss": 0.23939908780157565,
    "acc_1": 0.9520925,
    "f1_micro_1": 0.8471843986618766,
    "f1_macro_1": 0.6394935908189034,
    "f1_samples_1": 0.7340051986215366,
    "acc_16": 0.94272,
    "f1_micro_16": 0.8095744680851064,
    "f1_macro_16": 0.5960310533910533,
    "f1_samples_16": 0.689502143276362
}