{
    "mean_loss": 0.23208723850548268,
    "acc_1": 0.954380625,
    "f1_micro_1": 0.8540661581678046,
    "f1_macro_1": 0.643656533189033,
    "f1_samples_1": 0.7397622516088698,
    "acc_16": 0.94544,
    "f1_micro_16": 0.8192898781134075,
    "f1_macro_16": 0.6035332756132756,
    "f1_samples_16": 0.6996334441261642
}