{
    "mean_loss": 0.17908341120928525,
    "acc_1": 0.955525625,
    "f1_micro_1": 0.8600838014640677,
    "f1_macro_1": 0.6558936819083694,
    "f1_samples_1": 0.7665548690663723,
    "acc_16": 0.94864,
    "f1_micro_16": 0.830068819481207,
    "f1_macro_16": 0.6163699855699856,
    "f1_samples_16": 0.7252536442555959
}