{
    "mean_loss": 0.22323197405785322,
    "acc_1": 0.95696875,
    "f1_micro_1": 0.8632729496900058,
    "f1_macro_1": 0.6584520882936508,
    "f1_samples_1": 0.7443119072663162,
    "acc_16": 0.95184,
    "f1_micro_16": 0.8396377197655834,
    "f1_macro_16": 0.6215407792207791,
    "f1_samples_16": 0.7039560543392827
}