{
    "mean_loss": 0.13889917768538,
    "acc_1": 0.943974375,
    "f1_micro_1": 0.8263319920257747,
    "f1_macro_1": 0.6346492275432901,
    "f1_samples_1": 0.7183406519835114,
    "acc_16": 0.93664,
    "f1_micro_16": 0.7975460122699386,
    "f1_macro_16": 0.6046532756132755,
    "f1_samples_16": 0.6773007307115979
}