{
    "mean_loss": 0.16523536145687104,
    "acc_1": 0.941058125,
    "f1_micro_1": 0.8180142837570025,
    "f1_macro_1": 0.6272318136724387,
    "f1_samples_1": 0.7148593167834048,
    "acc_16": 0.93344,
    "f1_micro_16": 0.7881873727087575,
    "f1_macro_16": 0.5898202597402598,
    "f1_samples_16": 0.6781265598050497
}