{
    "mean_loss": 0.23367528934031725,
    "acc_1": 0.912276875,
    "f1_micro_1": 0.7472870952699041,
    "f1_macro_1": 0.5767651898448773,
    "f1_samples_1": 0.7074447706574473,
    "acc_16": 0.89824,
    "f1_micro_16": 0.7739872068230277,
    "f1_macro_16": 0.652644963924964,
    "f1_samples_16": 0.7315112256071138
}