{
    "mean_loss": 0.23961458057165147,
    "acc_1": 0.95912375,
    "f1_micro_1": 0.8685487339660488,
    "f1_macro_1": 0.658808152958153,
    "f1_samples_1": 0.7452490990956513,
    "acc_16": 0.95248,
    "f1_micro_16": 0.8412613575628006,
    "f1_macro_16": 0.6255510533910534,
    "f1_samples_16": 0.7115081772788798
}