{
    "mean_loss": 0.26535240225493906,
    "acc_1": 0.95659125,
    "f1_micro_1": 0.8617230957908107,
    "f1_macro_1": 0.6552614623917747,
    "f1_samples_1": 0.7472187399602171,
    "acc_16": 0.9528,
    "f1_micro_16": 0.8418230563002681,
    "f1_macro_16": 0.6243706782106782,
    "f1_samples_16": 0.7018263140050985
}