{
    "mean_loss": 0.21295145563781262,
    "acc_1": 0.95632125,
    "f1_micro_1": 0.8619137568562983,
    "f1_macro_1": 0.6561630027958153,
    "f1_samples_1": 0.7577947564758287,
    "acc_16": 0.95072,
    "f1_micro_16": 0.8359957401490947,
    "f1_macro_16": 0.6185414141414143,
    "f1_samples_16": 0.7237893710161521
}