{
    "mean_loss": 0.18560762330889702,
    "acc_1": 0.951746875,
    "f1_micro_1": 0.8454870944048736,
    "f1_macro_1": 0.6380634609487735,
    "f1_samples_1": 0.7064375592706413,
    "acc_16": 0.94336,
    "f1_micro_16": 0.8126984126984126,
    "f1_macro_16": 0.6000862337662336,
    "f1_samples_16": 0.6708914086247598
}