{
    "mean_loss": 0.21109009943902493,
    "acc_1": 0.953915,
    "f1_micro_1": 0.8513824559706217,
    "f1_macro_1": 0.6400794381313131,
    "f1_samples_1": 0.7245620921947321,
    "acc_16": 0.94624,
    "f1_micro_16": 0.819935691318328,
    "f1_macro_16": 0.6042393073593074,
    "f1_samples_16": 0.6872043848448037
}