{
    "mean_loss": 0.14249558188021183,
    "acc_1": 0.925456875,
    "f1_micro_1": 0.7866367319922359,
    "f1_macro_1": 0.6168399147727273,
    "f1_samples_1": 0.6979759263371508,
    "acc_16": 0.91616,
    "f1_micro_16": 0.7555970149253731,
    "f1_macro_16": 0.5938672438672438,
    "f1_samples_16": 0.656762723955858
}