{
    "mean_loss": 0.1936803175136447,
    "acc_1": 0.95159125,
    "f1_micro_1": 0.847060635499846,
    "f1_macro_1": 0.6451563198953825,
    "f1_samples_1": 0.7340299647518613,
    "acc_16": 0.94576,
    "f1_micro_16": 0.8233454924439811,
    "f1_macro_16": 0.6100963924963924,
    "f1_samples_16": 0.6969259048841535
}