{
    "mean_loss": 0.18975247368216513,
    "acc_1": 0.949338125,
    "f1_micro_1": 0.8390162912121195,
    "f1_macro_1": 0.640476645021645,
    "f1_samples_1": 0.7120078648925039,
    "acc_16": 0.944,
    "f1_micro_16": 0.8138297872340425,
    "f1_macro_16": 0.6032475613275613,
    "f1_samples_16": 0.6760362919936151
}