{
    "mean_loss": 0.18290109969675541,
    "acc_1": 0.948465625,
    "f1_micro_1": 0.8388326286964118,
    "f1_macro_1": 0.6407508933080809,
    "f1_samples_1": 0.717423477076262,
    "acc_16": 0.94272,
    "f1_micro_16": 0.8150826446280992,
    "f1_macro_16": 0.6068614141414143,
    "f1_samples_16": 0.6854758180234326
}