{
    "mean_loss": 0.20919579155743123,
    "acc_1": 0.959211875,
    "f1_micro_1": 0.8690371791450021,
    "f1_macro_1": 0.6599354838564214,
    "f1_samples_1": 0.7496763263192749,
    "acc_16": 0.9528,
    "f1_micro_16": 0.841312533620226,
    "f1_macro_16": 0.6226189898989899,
    "f1_samples_16": 0.715619716932521
}