{
    "mean_loss": 0.207141231559217,
    "acc_1": 0.900765625,
    "f1_micro_1": 0.7327276675470535,
    "f1_macro_1": 0.575172609577922,
    "f1_samples_1": 0.6743111792278838,
    "acc_16": 0.90448,
    "f1_micro_16": 0.7986509274873524,
    "f1_macro_16": 0.6861731601731602,
    "f1_samples_16": 0.7412307289270709
}