{
    "mean_loss": 0.18475714959204198,
    "acc_1": 0.94883125,
    "f1_micro_1": 0.8406993894157615,
    "f1_macro_1": 0.646823574134199,
    "f1_samples_1": 0.7354458808501494,
    "acc_16": 0.94176,
    "f1_micro_16": 0.8125643666323378,
    "f1_macro_16": 0.607437922077922,
    "f1_samples_16": 0.7097671107921422
}