{
    "mean_loss": 0.22849552072584628,
    "acc_1": 0.952755,
    "f1_micro_1": 0.8501811493669682,
    "f1_macro_1": 0.6436638758116882,
    "f1_samples_1": 0.7355838435437146,
    "acc_16": 0.94496,
    "f1_micro_16": 0.8195173137460651,
    "f1_macro_16": 0.6061656565656565,
    "f1_samples_16": 0.6967146647862061
}