{
    "mean_loss": 0.7498496457934379,
    "acc_1": 0.930441875,
    "f1_micro_1": 0.7867929769442237,
    "f1_macro_1": 0.5891071216630593,
    "f1_samples_1": 0.7002850851436124,
    "acc_16": 0.92144,
    "f1_micro_16": 0.7493619193466053,
    "f1_macro_16": 0.5502754401154402,
    "f1_samples_16": 0.658902423899664
}