{
    "mean_loss": 0.22617089967243373,
    "acc_1": 0.912140625,
    "f1_micro_1": 0.7466610439204958,
    "f1_macro_1": 0.5757891630591631,
    "f1_samples_1": 0.6897486181699853,
    "acc_16": 0.89248,
    "f1_micro_16": 0.7610241820768137,
    "f1_macro_16": 0.6405249062049061,
    "f1_samples_16": 0.7119039256967123
}