{
    "mean_loss": 0.27605754593387244,
    "acc_1": 0.910176875,
    "f1_micro_1": 0.7328645539997732,
    "f1_macro_1": 0.5552669160353534,
    "f1_samples_1": 0.6545246075081815,
    "acc_16": 0.88512,
    "f1_micro_16": 0.7385287691187182,
    "f1_macro_16": 0.6147038383838386,
    "f1_samples_16": 0.6692202058424643
}