{
    "mean_loss": 0.2147218830883503,
    "acc_1": 0.9526925,
    "f1_micro_1": 0.8477359135804953,
    "f1_macro_1": 0.6438405379689756,
    "f1_samples_1": 0.7274847491398952,
    "acc_16": 0.94624,
    "f1_micro_16": 0.8191603875134553,
    "f1_macro_16": 0.6027929581529581,
    "f1_samples_16": 0.6879927531032264
}