{
    "mean_loss": 0.20359313394874334,
    "acc_1": 0.95135125,
    "f1_micro_1": 0.846715242221347,
    "f1_macro_1": 0.6455057819264071,
    "f1_samples_1": 0.7346593820934766,
    "acc_16": 0.94544,
    "f1_micro_16": 0.822303282959875,
    "f1_macro_16": 0.6138614718614718,
    "f1_samples_16": 0.6987754990736043
}