{
    "mean_loss": 0.2359957408159971,
    "acc_1": 0.912699375,
    "f1_micro_1": 0.7472225992381262,
    "f1_macro_1": 0.5756445648448774,
    "f1_samples_1": 0.7055764595667273,
    "acc_16": 0.89744,
    "f1_micro_16": 0.7713164466642883,
    "f1_macro_16": 0.6502944877344877,
    "f1_samples_16": 0.7269630553868397
}