{
    "mean_loss": 0.22135244607925414,
    "acc_1": 0.954984375,
    "f1_micro_1": 0.8556124218422673,
    "f1_macro_1": 0.6477355442821068,
    "f1_samples_1": 0.7612873931457733,
    "acc_16": 0.94976,
    "f1_micro_16": 0.8324439701173959,
    "f1_macro_16": 0.6124062337662337,
    "f1_samples_16": 0.7309180140439662
}