{
    "mean_loss": 0.1814557146281004,
    "acc_1": 0.955069375,
    "f1_micro_1": 0.8575973250348138,
    "f1_macro_1": 0.6501897749819625,
    "f1_samples_1": 0.7644182324264011,
    "acc_16": 0.94752,
    "f1_micro_16": 0.8245989304812833,
    "f1_macro_16": 0.6102405772005772,
    "f1_samples_16": 0.7222817576088951
}