{
    "mean_loss": 0.15301784984767436,
    "acc_1": 0.93796875,
    "f1_micro_1": 0.8166579844755033,
    "f1_macro_1": 0.6355559785353535,
    "f1_samples_1": 0.7210929200421651,
    "acc_16": 0.9296,
    "f1_micro_16": 0.7857838364167478,
    "f1_macro_16": 0.5986895238095238,
    "f1_samples_16": 0.6817580806804945
}