{
    "mean_loss": 0.23292318508028984,
    "acc_1": 0.953281875,
    "f1_micro_1": 0.8501462471908311,
    "f1_macro_1": 0.6399412887806638,
    "f1_samples_1": 0.7191804359144299,
    "acc_16": 0.94544,
    "f1_micro_16": 0.8200527704485487,
    "f1_macro_16": 0.6103695238095237,
    "f1_samples_16": 0.6786319737309705
}