{
    "mean_loss": 0.28945960737764836,
    "acc_1": 0.918521875,
    "f1_micro_1": 0.7504388592912782,
    "f1_macro_1": 0.5670060980339106,
    "f1_samples_1": 0.6913877101803881,
    "acc_16": 0.884,
    "f1_micro_16": 0.7299813780260708,
    "f1_macro_16": 0.6032213564213563,
    "f1_samples_16": 0.6840686423909219
}