{
    "mean_loss": 0.22124585323035717,
    "acc_1": 0.952395,
    "f1_micro_1": 0.8496201412032285,
    "f1_macro_1": 0.6458007034632034,
    "f1_samples_1": 0.7416157871224544,
    "acc_16": 0.94464,
    "f1_micro_16": 0.8197916666666666,
    "f1_macro_16": 0.6045071284271284,
    "f1_samples_16": 0.7015442427642077
}