{
    "mean_loss": 0.19578186981379986,
    "acc_1": 0.9523325,
    "f1_micro_1": 0.8496506805027678,
    "f1_macro_1": 0.6526957404401155,
    "f1_samples_1": 0.7298461807480481,
    "acc_16": 0.94528,
    "f1_micro_16": 0.8213166144200628,
    "f1_macro_16": 0.6114342279942281,
    "f1_samples_16": 0.6985713601091444
}