{
    "mean_loss": 0.2708543434739113,
    "acc_1": 0.951571875,
    "f1_micro_1": 0.8513924822643347,
    "f1_macro_1": 0.6572580036976912,
    "f1_samples_1": 0.7611932628972281,
    "acc_16": 0.94576,
    "f1_micro_16": 0.825706940874036,
    "f1_macro_16": 0.620425974025974,
    "f1_samples_16": 0.7208080466542016
}