{
    "mean_loss": 0.24501883499324323,
    "acc_1": 0.95741625,
    "f1_micro_1": 0.8646948315784875,
    "f1_macro_1": 0.6577981317640694,
    "f1_samples_1": 0.7496102863780048,
    "acc_16": 0.95168,
    "f1_micro_16": 0.8402116402116403,
    "f1_macro_16": 0.625065974025974,
    "f1_samples_16": 0.7163620534588951
}