{
    "mean_loss": 0.2218296523205936,
    "acc_1": 0.95589875,
    "f1_micro_1": 0.8610677944743723,
    "f1_macro_1": 0.6598442582070708,
    "f1_samples_1": 0.7922419937526921,
    "acc_16": 0.95088,
    "f1_micro_16": 0.8383359662980516,
    "f1_macro_16": 0.6281083982683981,
    "f1_samples_16": 0.7865313492964546
}