{
    "mean_loss": 0.19063492845743896,
    "acc_1": 0.955834375,
    "f1_micro_1": 0.8606270746182112,
    "f1_macro_1": 0.6554461268939394,
    "f1_samples_1": 0.7695294629394832,
    "acc_16": 0.94832,
    "f1_micro_16": 0.8291909042834479,
    "f1_macro_16": 0.6160773448773449,
    "f1_samples_16": 0.738125352033221
}