{
    "mean_loss": 0.13431994318962098,
    "acc_1": 0.9380625,
    "f1_micro_1": 0.8141793703474528,
    "f1_macro_1": 0.6293285980339105,
    "f1_samples_1": 0.7121167215367065,
    "acc_16": 0.93136,
    "f1_micro_16": 0.7877288471053933,
    "f1_macro_16": 0.5982729004329004,
    "f1_samples_16": 0.6709743942472766
}