{
    "mean_loss": 0.15683534145355224,
    "acc_1": 0.947750625,
    "f1_micro_1": 0.8309372377321861,
    "f1_macro_1": 0.6281101857864358,
    "f1_samples_1": 0.704528144889617,
    "acc_16": 0.94032,
    "f1_micro_16": 0.7973927213470939,
    "f1_macro_16": 0.5817288311688311,
    "f1_samples_16": 0.6525309792555283
}