{
    "mean_loss": 0.14271860606968403,
    "acc_1": 0.943608125,
    "f1_micro_1": 0.8271748478655202,
    "f1_macro_1": 0.6380063771645021,
    "f1_samples_1": 0.7092991713121751,
    "acc_16": 0.93376,
    "f1_micro_16": 0.7921686746987953,
    "f1_macro_16": 0.5977649639249639,
    "f1_samples_16": 0.6669661173583142
}