{
    "mean_loss": 0.304985411465168,
    "acc_1": 0.912573125,
    "f1_micro_1": 0.7393709487193342,
    "f1_macro_1": 0.5606094850288601,
    "f1_samples_1": 0.6568078430502874,
    "acc_16": 0.88848,
    "f1_micro_16": 0.7457132433418461,
    "f1_macro_16": 0.6216557575757575,
    "f1_samples_16": 0.6677013187201344
}