{
    "mean_loss": 0.1994623178616166,
    "acc_1": 0.8845925,
    "f1_micro_1": 0.683447564124103,
    "f1_macro_1": 0.5341061574883449,
    "f1_samples_1": 0.6161956842771659,
    "acc_16": 0.8728,
    "f1_micro_16": 0.6364883401920439,
    "f1_macro_16": 0.4868062337662337,
    "f1_samples_16": 0.5548751918331616
}