{
    "mean_loss": 0.23096685111522675,
    "acc_1": 0.953388125,
    "f1_micro_1": 0.8514377346839175,
    "f1_macro_1": 0.6439462436868687,
    "f1_samples_1": 0.72886328142842,
    "acc_16": 0.94688,
    "f1_micro_16": 0.8252631578947367,
    "f1_macro_16": 0.6088526406926407,
    "f1_samples_16": 0.6965365539282916
}