{
    "mean_loss": 0.17034524045884608,
    "acc_1": 0.9486125,
    "f1_micro_1": 0.8397158475058678,
    "f1_macro_1": 0.6428261544011544,
    "f1_samples_1": 0.7198383370714535,
    "acc_16": 0.94128,
    "f1_micro_16": 0.8093506493506494,
    "f1_macro_16": 0.6000475613275614,
    "f1_samples_16": 0.6803469151132189
}