{
    "mean_loss": 0.2097559429705143,
    "acc_1": 0.94862375,
    "f1_micro_1": 0.8380447631807078,
    "f1_macro_1": 0.6347036589105339,
    "f1_samples_1": 0.7067250859746079,
    "acc_16": 0.94304,
    "f1_micro_16": 0.8149688149688149,
    "f1_macro_16": 0.6089745454545454,
    "f1_samples_16": 0.6756033816877193
}