{
    "mean_loss": 0.205973219871521,
    "acc_1": 0.95353875,
    "f1_micro_1": 0.854767747178894,
    "f1_macro_1": 0.650549237012987,
    "f1_samples_1": 0.7551660175170405,
    "acc_16": 0.94688,
    "f1_micro_16": 0.826722338204593,
    "f1_macro_16": 0.6136621067821069,
    "f1_samples_16": 0.723543370497219
}