{
    "mean_loss": 0.23603956513106822,
    "acc_1": 0.9560875,
    "f1_micro_1": 0.8613347859037515,
    "f1_macro_1": 0.6594813059163058,
    "f1_samples_1": 0.7828321650664752,
    "acc_16": 0.95104,
    "f1_micro_16": 0.8387776606954689,
    "f1_macro_16": 0.6239077633477633,
    "f1_samples_16": 0.7745796352637424
}