{
    "mean_loss": 0.3048017267137766,
    "acc_1": 0.912640625,
    "f1_micro_1": 0.7393234999561731,
    "f1_macro_1": 0.5631128485750361,
    "f1_samples_1": 0.657430404119121,
    "acc_16": 0.88592,
    "f1_micro_16": 0.7396860167944505,
    "f1_macro_16": 0.6178222222222223,
    "f1_samples_16": 0.6589394871367784
}