{
    "mean_loss": 0.17029797444120048,
    "acc_1": 0.950986875,
    "f1_micro_1": 0.8489705205462568,
    "f1_macro_1": 0.6510080352633479,
    "f1_samples_1": 0.7786884336370812,
    "acc_16": 0.94528,
    "f1_micro_16": 0.823529411764706,
    "f1_macro_16": 0.6140392496392496,
    "f1_samples_16": 0.7393726094283866
}