{
    "mean_loss": 0.18783357366919518,
    "acc_1": 0.952713125,
    "f1_micro_1": 0.8530433786096236,
    "f1_macro_1": 0.655421112463925,
    "f1_samples_1": 0.7890001899764585,
    "acc_16": 0.94832,
    "f1_micro_16": 0.8323819408406851,
    "f1_macro_16": 0.623873593073593,
    "f1_samples_16": 0.783926385002894
}