{
    "mean_loss": 0.20053205713629724,
    "acc_1": 0.954001875,
    "f1_micro_1": 0.8558416857808273,
    "f1_macro_1": 0.6509769448953825,
    "f1_samples_1": 0.7515729538683086,
    "acc_16": 0.94576,
    "f1_micro_16": 0.8233454924439811,
    "f1_macro_16": 0.6142188744588745,
    "f1_samples_16": 0.7212588257159631
}