{
    "mean_loss": 0.23330974401906132,
    "acc_1": 0.95645875,
    "f1_micro_1": 0.862104867282912,
    "f1_macro_1": 0.6583308667027417,
    "f1_samples_1": 0.7862840811289031,
    "acc_16": 0.95136,
    "f1_micro_16": 0.8384697130712008,
    "f1_macro_16": 0.6231026839826838,
    "f1_samples_16": 0.7394982023677092
}