{
    "mean_loss": 0.14360175803303718,
    "acc_1": 0.93104,
    "f1_micro_1": 0.7986921999065858,
    "f1_macro_1": 0.6250291414141413,
    "f1_samples_1": 0.686652704752823,
    "acc_16": 0.92192,
    "f1_micro_16": 0.7651588065447544,
    "f1_macro_16": 0.5882139105339105,
    "f1_samples_16": 0.6430536465038413
}