{
    "mean_loss": 0.135587440431118,
    "acc_1": 0.919133125,
    "f1_micro_1": 0.7782475684476626,
    "f1_macro_1": 0.6154913961038959,
    "f1_samples_1": 0.6905845273352766,
    "acc_16": 0.90896,
    "f1_micro_16": 0.7447285778375953,
    "f1_macro_16": 0.5867382395382394,
    "f1_samples_16": 0.6492675500845573
}