{
    "mean_loss": 0.17194483578205108,
    "acc_1": 0.945773125,
    "f1_micro_1": 0.8331387712007017,
    "f1_macro_1": 0.6394342122113996,
    "f1_samples_1": 0.720219406117867,
    "acc_16": 0.93952,
    "f1_micro_16": 0.8075356415478615,
    "f1_macro_16": 0.6048240115440116,
    "f1_samples_16": 0.6885602331637877
}