{
    "mean_loss": 0.17781163789331914,
    "acc_1": 0.951395625,
    "f1_micro_1": 0.8431962028506849,
    "f1_macro_1": 0.6384001524170275,
    "f1_samples_1": 0.7191915494209903,
    "acc_16": 0.94288,
    "f1_micro_16": 0.80878414568827,
    "f1_macro_16": 0.5923516305916305,
    "f1_samples_16": 0.6800158655065205
}