{
    "mean_loss": 0.2311806183308363,
    "acc_1": 0.915498125,
    "f1_micro_1": 0.7523432534267277,
    "f1_macro_1": 0.5766407850829726,
    "f1_samples_1": 0.7000722280816494,
    "acc_16": 0.89552,
    "f1_micro_16": 0.7648541591645661,
    "f1_macro_16": 0.6429255988455989,
    "f1_samples_16": 0.7061449265102104
}