{
    "mean_loss": 0.255052537843585,
    "acc_1": 0.95204375,
    "f1_micro_1": 0.8532365238880367,
    "f1_macro_1": 0.6597779581529583,
    "f1_samples_1": 0.768721738926206,
    "acc_16": 0.94592,
    "f1_micro_16": 0.8270214943705221,
    "f1_macro_16": 0.6231027994227994,
    "f1_samples_16": 0.7354329784358727
}