{
    "mean_loss": 0.24544487930834294,
    "acc_1": 0.9577825,
    "f1_micro_1": 0.865093947721608,
    "f1_macro_1": 0.657506515151515,
    "f1_samples_1": 0.7463084232946439,
    "acc_16": 0.95232,
    "f1_micro_16": 0.8403001071811361,
    "f1_macro_16": 0.6231485137085138,
    "f1_samples_16": 0.7126141200152439
}