{
    "mean_loss": 0.2158986074849963,
    "acc_1": 0.907423125,
    "f1_micro_1": 0.7410622665158616,
    "f1_macro_1": 0.5774757593795095,
    "f1_samples_1": 0.7071007653850631,
    "acc_16": 0.90224,
    "f1_micro_16": 0.7877735324765545,
    "f1_macro_16": 0.6713660028860029,
    "f1_samples_16": 0.753543348295933
}