{
    "mean_loss": 0.19331989884376527,
    "acc_1": 0.903103125,
    "f1_micro_1": 0.7288578749005308,
    "f1_macro_1": 0.5581741680194805,
    "f1_samples_1": 0.6599050996323444,
    "acc_16": 0.8848,
    "f1_micro_16": 0.7498262682418346,
    "f1_macro_16": 0.6258912554112557,
    "f1_samples_16": 0.683321185878635
}