{
    "mean_loss": 0.240078354626894,
    "acc_1": 0.912775625,
    "f1_micro_1": 0.7469744960212923,
    "f1_macro_1": 0.5752077881493506,
    "f1_samples_1": 0.691868486322098,
    "acc_16": 0.8968,
    "f1_micro_16": 0.7695605573419079,
    "f1_macro_16": 0.646931717171717,
    "f1_samples_16": 0.7079527188679032
}