{
    "mean_loss": 0.22996160835027696,
    "acc_1": 0.913545625,
    "f1_micro_1": 0.7493245043193668,
    "f1_macro_1": 0.5756399418290045,
    "f1_samples_1": 0.710327473837645,
    "acc_16": 0.89568,
    "f1_micro_16": 0.7671428571428571,
    "f1_macro_16": 0.644724963924964,
    "f1_samples_16": 0.7274205214948128
}