{
    "mean_loss": 0.23044061763212084,
    "acc_1": 0.914191875,
    "f1_micro_1": 0.7494548128844825,
    "f1_macro_1": 0.5765602173520923,
    "f1_samples_1": 0.7041186733898794,
    "acc_16": 0.89264,
    "f1_micro_16": 0.7590664272890485,
    "f1_macro_16": 0.6373521500721501,
    "f1_samples_16": 0.7226443649837043
}