{
    "mean_loss": 0.16097247414290905,
    "acc_1": 0.941593125,
    "f1_micro_1": 0.8222002789209223,
    "f1_macro_1": 0.6351471261724386,
    "f1_samples_1": 0.7202459501730881,
    "acc_16": 0.93552,
    "f1_micro_16": 0.7975891511803113,
    "f1_macro_16": 0.6014449639249638,
    "f1_samples_16": 0.6885069844697697
}