{
    "mean_loss": 0.17898035384714603,
    "acc_1": 0.947553125,
    "f1_micro_1": 0.8325741659633644,
    "f1_macro_1": 0.6315595616883118,
    "f1_samples_1": 0.7147680931189584,
    "acc_16": 0.94064,
    "f1_micro_16": 0.8012854847348688,
    "f1_macro_16": 0.5850906782106781,
    "f1_samples_16": 0.6726158958771731
}