{
    "mean_loss": 0.16770785711705685,
    "acc_1": 0.94379,
    "f1_micro_1": 0.828036925712625,
    "f1_macro_1": 0.6361758576839827,
    "f1_samples_1": 0.7242221387061869,
    "acc_16": 0.93776,
    "f1_micro_16": 0.8038325769036814,
    "f1_macro_16": 0.602779567099567,
    "f1_samples_16": 0.6915980832408377
}