{
    "mean_loss": 0.262352766469121,
    "acc_1": 0.95003625,
    "f1_micro_1": 0.8485051773017389,
    "f1_macro_1": 0.6573952750721499,
    "f1_samples_1": 0.7654721583888566,
    "acc_16": 0.94272,
    "f1_micro_16": 0.8188259109311741,
    "f1_macro_16": 0.6195351226551227,
    "f1_samples_16": 0.7301987907166032
}