{
    "mean_loss": 0.24099503830075264,
    "acc_1": 0.952206875,
    "f1_micro_1": 0.8483609401863635,
    "f1_macro_1": 0.6416480519480519,
    "f1_samples_1": 0.7357104479760788,
    "acc_16": 0.94448,
    "f1_micro_16": 0.8180388044048242,
    "f1_macro_16": 0.6057389898989898,
    "f1_samples_16": 0.6967997397774334
}