{
    "mean_loss": 0.22396805249154567,
    "acc_1": 0.95314125,
    "f1_micro_1": 0.8507825685444067,
    "f1_macro_1": 0.6461072005772006,
    "f1_samples_1": 0.7397370864438423,
    "acc_16": 0.9464,
    "f1_micro_16": 0.8219032429558746,
    "f1_macro_16": 0.6035294660894661,
    "f1_samples_16": 0.6889565517865354
}