{
    "mean_loss": 0.23435942083597183,
    "acc_1": 0.9523225,
    "f1_micro_1": 0.8470618897732511,
    "f1_macro_1": 0.6444114998196248,
    "f1_samples_1": 0.7242892192439431,
    "acc_16": 0.94496,
    "f1_micro_16": 0.815845824411135,
    "f1_macro_16": 0.6024914285714286,
    "f1_samples_16": 0.6812913840282624
}