{
    "mean_loss": 0.19788776561617852,
    "acc_1": 0.95431125,
    "f1_micro_1": 0.8561776973321791,
    "f1_macro_1": 0.6521396622474747,
    "f1_samples_1": 0.7655009479687409,
    "acc_16": 0.94848,
    "f1_micro_16": 0.8299894403379091,
    "f1_macro_16": 0.6148393650793651,
    "f1_samples_16": 0.7263852264355225
}