{
    "mean_loss": 0.23133912906050683,
    "acc_1": 0.957201875,
    "f1_micro_1": 0.8635408010553731,
    "f1_macro_1": 0.657174044011544,
    "f1_samples_1": 0.7455019943138254,
    "acc_16": 0.9512,
    "f1_micro_16": 0.838024429102496,
    "f1_macro_16": 0.6208626839826838,
    "f1_samples_16": 0.705086620766648
}