{
    "mean_loss": 0.22415027022361755,
    "acc_1": 0.955341875,
    "f1_micro_1": 0.8591156898506432,
    "f1_macro_1": 0.6564182021103894,
    "f1_samples_1": 0.7498425380853528,
    "acc_16": 0.94944,
    "f1_micro_16": 0.8331573389651531,
    "f1_macro_16": 0.6195973448773449,
    "f1_samples_16": 0.7039043949466969
}