{
    "mean_loss": 0.1950368197634816,
    "acc_1": 0.955933125,
    "f1_micro_1": 0.8604299913099077,
    "f1_macro_1": 0.6526995973124097,
    "f1_samples_1": 0.7595292217391615,
    "acc_16": 0.94928,
    "f1_micro_16": 0.8312932410856839,
    "f1_macro_16": 0.615132582972583,
    "f1_samples_16": 0.7268579396503965
}