{
    "mean_loss": 0.2770780958235264,
    "acc_1": 0.95238625,
    "f1_micro_1": 0.8537824029112239,
    "f1_macro_1": 0.6589485204725831,
    "f1_samples_1": 0.7672007443879308,
    "acc_16": 0.9456,
    "f1_micro_16": 0.8263534218590399,
    "f1_macro_16": 0.6266398845598846,
    "f1_samples_16": 0.7340602474936804
}