{
    "mean_loss": 0.19325615093111992,
    "acc_1": 0.902943125,
    "f1_micro_1": 0.7285316961546461,
    "f1_macro_1": 0.5578741680194804,
    "f1_samples_1": 0.6595914958581585,
    "acc_16": 0.88464,
    "f1_micro_16": 0.7495658214657869,
    "f1_macro_16": 0.6255712554112556,
    "f1_samples_16": 0.6828313899602676
}