{
    "mean_loss": 0.2417078621685505,
    "acc_1": 0.953331875,
    "f1_micro_1": 0.8515547497350933,
    "f1_macro_1": 0.6446132616341992,
    "f1_samples_1": 0.7336566979942869,
    "acc_16": 0.94624,
    "f1_micro_16": 0.8231578947368421,
    "f1_macro_16": 0.6088094660894658,
    "f1_samples_16": 0.6954733575356944
}