{
    "mean_loss": 0.242433475330472,
    "acc_1": 0.957666875,
    "f1_micro_1": 0.8653882461896804,
    "f1_macro_1": 0.6579508951118327,
    "f1_samples_1": 0.7504932994620351,
    "acc_16": 0.952,
    "f1_micro_16": 0.8405951115834218,
    "f1_macro_16": 0.624466608946609,
    "f1_samples_16": 0.7149229014951188
}