{
    "mean_loss": 0.2445768065750599,
    "acc_1": 0.95661625,
    "f1_micro_1": 0.8624980686261693,
    "f1_macro_1": 0.6574863704004329,
    "f1_samples_1": 0.7479146021629175,
    "acc_16": 0.9512,
    "f1_micro_16": 0.8387096774193549,
    "f1_macro_16": 0.6245205194805195,
    "f1_samples_16": 0.7159874823626209
}