{
    "mean_loss": 0.16121221110224723,
    "acc_1": 0.958894375,
    "f1_micro_1": 0.870502109762797,
    "f1_macro_1": 0.6645446793831168,
    "f1_samples_1": 0.7597844749042822,
    "acc_16": 0.9528,
    "f1_micro_16": 0.8433351035581519,
    "f1_macro_16": 0.6254830591630591,
    "f1_samples_16": 0.7222386262318176
}