{
    "mean_loss": 0.23910288102924823,
    "acc_1": 0.953748125,
    "f1_micro_1": 0.8525316695328832,
    "f1_macro_1": 0.6435993867243868,
    "f1_samples_1": 0.7357814791437555,
    "acc_16": 0.9464,
    "f1_micro_16": 0.8230322239830955,
    "f1_macro_16": 0.6089275613275613,
    "f1_samples_16": 0.6954637004880335
}