{
    "mean_loss": 0.2372335396707058,
    "acc_1": 0.95714875,
    "f1_micro_1": 0.863050200145415,
    "f1_macro_1": 0.6559420950577202,
    "f1_samples_1": 0.7447411351481219,
    "acc_16": 0.95152,
    "f1_micro_16": 0.838054516301443,
    "f1_macro_16": 0.6236234343434344,
    "f1_samples_16": 0.7123744364225733
}