{
    "mean_loss": 0.24472722671926023,
    "acc_1": 0.95302875,
    "f1_micro_1": 0.854341986425357,
    "f1_macro_1": 0.6565237202380952,
    "f1_samples_1": 0.7637566320001518,
    "acc_16": 0.94656,
    "f1_micro_16": 0.8269430051813471,
    "f1_macro_16": 0.62051670995671,
    "f1_samples_16": 0.728167425981521
}