{
    "mean_loss": 0.3071019101887941,
    "acc_1": 0.912984375,
    "f1_micro_1": 0.7393537057734395,
    "f1_macro_1": 0.5591399612193362,
    "f1_samples_1": 0.6526134798968919,
    "acc_16": 0.88848,
    "f1_micro_16": 0.7447821310875137,
    "f1_macro_16": 0.6194462337662338,
    "f1_samples_16": 0.6614730308789434
}