{
    "mean_loss": 0.27797345593571665,
    "acc_1": 0.910109375,
    "f1_micro_1": 0.7315139941271894,
    "f1_macro_1": 0.5538683522727272,
    "f1_samples_1": 0.6504266596502186,
    "acc_16": 0.88432,
    "f1_micro_16": 0.7358421629521374,
    "f1_macro_16": 0.611218816738817,
    "f1_samples_16": 0.6649397000629217
}