{
    "mean_loss": 0.30797553434967995,
    "acc_1": 0.912645625,
    "f1_micro_1": 0.7392139118752857,
    "f1_macro_1": 0.5623378485750361,
    "f1_samples_1": 0.656912066202599,
    "acc_16": 0.88576,
    "f1_micro_16": 0.7392257121986852,
    "f1_macro_16": 0.6162222222222222,
    "f1_samples_16": 0.6579571900728751
}