{
    "mean_loss": 0.20432322584092616,
    "acc_1": 0.952663125,
    "f1_micro_1": 0.852688843376259,
    "f1_macro_1": 0.653212251082251,
    "f1_samples_1": 0.7491660634307794,
    "acc_16": 0.94672,
    "f1_micro_16": 0.8268330733229329,
    "f1_macro_16": 0.6196805772005772,
    "f1_samples_16": 0.714176631232668
}