{
    "mean_loss": 0.2115586657077074,
    "acc_1": 0.95484625,
    "f1_micro_1": 0.8585248168064199,
    "f1_macro_1": 0.6549169052128426,
    "f1_samples_1": 0.7584706134776869,
    "acc_16": 0.94864,
    "f1_micro_16": 0.831496062992126,
    "f1_macro_16": 0.6159014141414141,
    "f1_samples_16": 0.7248178404048785
}