{
    "mean_loss": 0.2655599704012275,
    "acc_1": 0.955849375,
    "f1_micro_1": 0.8600128808521179,
    "f1_macro_1": 0.655656902056277,
    "f1_samples_1": 0.7453967196862087,
    "acc_16": 0.95072,
    "f1_micro_16": 0.8358208955223881,
    "f1_macro_16": 0.621250678210678,
    "f1_samples_16": 0.7004411224882581
}