{
    "mean_loss": 0.1460714556276798,
    "acc_1": 0.923481875,
    "f1_micro_1": 0.7783412482732275,
    "f1_macro_1": 0.6064050856782107,
    "f1_samples_1": 0.7143982465730347,
    "acc_16": 0.91072,
    "f1_micro_16": 0.7337786259541985,
    "f1_macro_16": 0.5616367099567098,
    "f1_samples_16": 0.6275202107631248
}