{
    "mean_loss": 0.13903211560100318,
    "acc_1": 0.920176875,
    "f1_micro_1": 0.7753782622536216,
    "f1_macro_1": 0.6107179067460319,
    "f1_samples_1": 0.6990193920040053,
    "acc_16": 0.91056,
    "f1_micro_16": 0.7422775472568003,
    "f1_macro_16": 0.5765210966810969,
    "f1_samples_16": 0.6610059006109367
}