{
    "mean_loss": 0.2796108990907669,
    "acc_1": 0.952515,
    "f1_micro_1": 0.853773639376571,
    "f1_macro_1": 0.6583471581890332,
    "f1_samples_1": 0.7638182673095337,
    "acc_16": 0.94608,
    "f1_micro_16": 0.8272680676576115,
    "f1_macro_16": 0.624712958152958,
    "f1_samples_16": 0.7300743220733639
}