{
    "mean_loss": 0.23162331096827984,
    "acc_1": 0.952358125,
    "f1_micro_1": 0.8484362852603805,
    "f1_macro_1": 0.6434045021645021,
    "f1_samples_1": 0.741287071241983,
    "acc_16": 0.944,
    "f1_micro_16": 0.8159831756046267,
    "f1_macro_16": 0.6015871861471862,
    "f1_samples_16": 0.6947907372337521
}