{
    "mean_loss": 0.2492705410346389,
    "acc_1": 0.954165625,
    "f1_micro_1": 0.8525950388637747,
    "f1_macro_1": 0.6407432269119769,
    "f1_samples_1": 0.7316187269389465,
    "acc_16": 0.94528,
    "f1_micro_16": 0.8178913738019169,
    "f1_macro_16": 0.6025631168831169,
    "f1_samples_16": 0.6874054682310385
}