{
    "mean_loss": 0.23141374476253987,
    "acc_1": 0.954476875,
    "f1_micro_1": 0.8542125773852057,
    "f1_macro_1": 0.643730735479798,
    "f1_samples_1": 0.736409889266846,
    "acc_16": 0.94656,
    "f1_micro_16": 0.8221512247071354,
    "f1_macro_16": 0.6062647041847041,
    "f1_samples_16": 0.6937192088182781
}