{
    "mean_loss": 0.2299463853240013,
    "acc_1": 0.952344375,
    "f1_micro_1": 0.8488115939730059,
    "f1_macro_1": 0.6437004288419912,
    "f1_samples_1": 0.7363710594922467,
    "acc_16": 0.944,
    "f1_micro_16": 0.8157894736842105,
    "f1_macro_16": 0.60629772005772,
    "f1_samples_16": 0.6951169054786127
}