{
    "mean_loss": 0.22187974713742734,
    "acc_1": 0.953610625,
    "f1_micro_1": 0.8536488700737641,
    "f1_macro_1": 0.6501833400974025,
    "f1_samples_1": 0.7390870571580466,
    "acc_16": 0.94608,
    "f1_micro_16": 0.8229111928533894,
    "f1_macro_16": 0.6141122077922078,
    "f1_samples_16": 0.701563863625295
}