{
    "mean_loss": 0.12453761994838715,
    "acc_1": 0.95029125,
    "f1_micro_1": 0.8493103448275863,
    "f1_macro_1": 0.6530888767135642,
    "f1_samples_1": 0.743662175965271,
    "acc_16": 0.94656,
    "f1_micro_16": 0.8306288032454361,
    "f1_macro_16": 0.6257687734487735,
    "f1_samples_16": 0.7173367085805953
}