{
    "mean_loss": 0.20608851499855518,
    "acc_1": 0.958158125,
    "f1_micro_1": 0.8673026645708997,
    "f1_macro_1": 0.6604137116702742,
    "f1_samples_1": 0.7529482173939575,
    "acc_16": 0.9536,
    "f1_micro_16": 0.8459086078639745,
    "f1_macro_16": 0.6295612121212122,
    "f1_samples_16": 0.723333541997482
}