{
    "mean_loss": 0.21647294517606497,
    "acc_1": 0.907520625,
    "f1_micro_1": 0.7402889403356286,
    "f1_macro_1": 0.5761611512445889,
    "f1_samples_1": 0.7046217486923217,
    "acc_16": 0.90176,
    "f1_micro_16": 0.7860627177700348,
    "f1_macro_16": 0.6700491774891775,
    "f1_samples_16": 0.7501181801798265
}