{
    "mean_loss": 0.2490374568849802,
    "acc_1": 0.9548525,
    "f1_micro_1": 0.8531705056385323,
    "f1_macro_1": 0.6387190746753246,
    "f1_samples_1": 0.7281179109576619,
    "acc_16": 0.94592,
    "f1_micro_16": 0.8178879310344828,
    "f1_macro_16": 0.6032292063492063,
    "f1_samples_16": 0.6869998507623016
}