{
    "mean_loss": 0.1420056028291583,
    "acc_1": 0.9430375,
    "f1_micro_1": 0.8263106740609455,
    "f1_macro_1": 0.6404784519300146,
    "f1_samples_1": 0.7333919141166145,
    "acc_16": 0.9352,
    "f1_micro_16": 0.7949367088607595,
    "f1_macro_16": 0.6012627994227995,
    "f1_samples_16": 0.6776001277093405
}