{
    "mean_loss": 0.3016996938735247,
    "acc_1": 0.921179375,
    "f1_micro_1": 0.7533816089751236,
    "f1_macro_1": 0.561872601911977,
    "f1_samples_1": 0.6897502364605517,
    "acc_16": 0.88384,
    "f1_micro_16": 0.7252081756245269,
    "f1_macro_16": 0.5930925252525254,
    "f1_samples_16": 0.6663964915264838
}