{
    "mean_loss": 0.22533829621970652,
    "acc_1": 0.950864375,
    "f1_micro_1": 0.8453654074999262,
    "f1_macro_1": 0.6436446762265511,
    "f1_samples_1": 0.7384451326899444,
    "acc_16": 0.9424,
    "f1_micro_16": 0.8136645962732919,
    "f1_macro_16": 0.6040195093795093,
    "f1_samples_16": 0.696609982301816
}