{
    "mean_loss": 0.1381001964211464,
    "acc_1": 0.939825,
    "f1_micro_1": 0.8178591832796699,
    "f1_macro_1": 0.6325136314033188,
    "f1_samples_1": 0.7069455516842231,
    "acc_16": 0.92944,
    "f1_micro_16": 0.7815750371471024,
    "f1_macro_16": 0.5981072438672439,
    "f1_samples_16": 0.6638370091819004
}