{
    "mean_loss": 0.1670764671638608,
    "acc_1": 0.947373125,
    "f1_micro_1": 0.829047144356625,
    "f1_macro_1": 0.6259299197330447,
    "f1_samples_1": 0.6982304668406444,
    "acc_16": 0.94,
    "f1_micro_16": 0.7980613893376414,
    "f1_macro_16": 0.5821878210678211,
    "f1_samples_16": 0.6490774316987177
}