{
    "mean_loss": 0.1807165376842022,
    "acc_1": 0.94909625,
    "f1_micro_1": 0.8400315827928774,
    "f1_macro_1": 0.6409169525613277,
    "f1_samples_1": 0.7223263292970494,
    "acc_16": 0.94288,
    "f1_micro_16": 0.8143525741029642,
    "f1_macro_16": 0.6082221067821068,
    "f1_samples_16": 0.685253711311492
}