{
    "mean_loss": 0.16772271506488323,
    "acc_1": 0.95004,
    "f1_micro_1": 0.8428720819606395,
    "f1_macro_1": 0.6463269421897548,
    "f1_samples_1": 0.7239319566757098,
    "acc_16": 0.94352,
    "f1_micro_16": 0.8160500260552371,
    "f1_macro_16": 0.6058322655122654,
    "f1_samples_16": 0.689651553191011
}