{
    "mean_loss": 0.22658604476600885,
    "acc_1": 0.950996875,
    "f1_micro_1": 0.845898185291684,
    "f1_macro_1": 0.644837151875902,
    "f1_samples_1": 0.7419457035424979,
    "acc_16": 0.94416,
    "f1_micro_16": 0.8183237896928682,
    "f1_macro_16": 0.6064956998556998,
    "f1_samples_16": 0.7026665515281747
}