{
    "mean_loss": 0.24623447898775339,
    "acc_1": 0.912244375,
    "f1_micro_1": 0.7481222497484075,
    "f1_macro_1": 0.5749527047258296,
    "f1_samples_1": 0.7154017040973003,
    "acc_16": 0.8976,
    "f1_micro_16": 0.773210489014883,
    "f1_macro_16": 0.648411313131313,
    "f1_samples_16": 0.7417117029754644
}