{
    "mean_loss": 0.3029556477442384,
    "acc_1": 0.922474375,
    "f1_micro_1": 0.7558445086124939,
    "f1_macro_1": 0.5611913221500721,
    "f1_samples_1": 0.6890265579873827,
    "acc_16": 0.88464,
    "f1_micro_16": 0.7257512362114874,
    "f1_macro_16": 0.5909401443001443,
    "f1_samples_16": 0.6639708798272141
}