{
    "mean_loss": 0.3014122277498245,
    "acc_1": 0.911541875,
    "f1_micro_1": 0.7380459265922261,
    "f1_macro_1": 0.5601648868145744,
    "f1_samples_1": 0.6534339282767655,
    "acc_16": 0.88816,
    "f1_micro_16": 0.7462794918330308,
    "f1_macro_16": 0.6230576623376622,
    "f1_samples_16": 0.6647275628772537
}