{
    "mean_loss": 0.2567830216139555,
    "acc_1": 0.913391875,
    "f1_micro_1": 0.7454541112762288,
    "f1_macro_1": 0.5680662324134199,
    "f1_samples_1": 0.6921971111143584,
    "acc_16": 0.89264,
    "f1_micro_16": 0.7578491519307109,
    "f1_macro_16": 0.629169292929293,
    "f1_samples_16": 0.6977507554528403
}