{
    "mean_loss": 0.182823087554425,
    "acc_1": 0.950684375,
    "f1_micro_1": 0.846460546363447,
    "f1_macro_1": 0.6487147289862911,
    "f1_samples_1": 0.7700893597354239,
    "acc_16": 0.9472,
    "f1_micro_16": 0.8302469135802468,
    "f1_macro_16": 0.624130101010101,
    "f1_samples_16": 0.7614758018196991
}