{
    "mean_loss": 0.17161717526614667,
    "acc_1": 0.952923125,
    "f1_micro_1": 0.8501699743198541,
    "f1_macro_1": 0.6437029649170276,
    "f1_samples_1": 0.7358999297437128,
    "acc_16": 0.94672,
    "f1_micro_16": 0.8210639441160666,
    "f1_macro_16": 0.6076780375180375,
    "f1_samples_16": 0.6938102607733753
}