{
    "mean_loss": 0.17090862318873407,
    "acc_1": 0.948358125,
    "f1_micro_1": 0.8377435260988497,
    "f1_macro_1": 0.6337913167388167,
    "f1_samples_1": 0.7182463579570161,
    "acc_16": 0.94176,
    "f1_micro_16": 0.8102189781021899,
    "f1_macro_16": 0.5993529581529582,
    "f1_samples_16": 0.6865769930040642
}