{
    "mean_loss": 0.1973283775150776,
    "acc_1": 0.956235,
    "f1_micro_1": 0.8623276736632667,
    "f1_macro_1": 0.6591626497113997,
    "f1_samples_1": 0.7496757828415462,
    "acc_16": 0.95072,
    "f1_micro_16": 0.8380651945320715,
    "f1_macro_16": 0.6260405194805194,
    "f1_samples_16": 0.718735165408493
}