{
    "mean_loss": 0.24872566275298597,
    "acc_1": 0.958011875,
    "f1_micro_1": 0.8660743298334027,
    "f1_macro_1": 0.6589671306818182,
    "f1_samples_1": 0.7500160706163662,
    "acc_16": 0.95216,
    "f1_micro_16": 0.8413793103448276,
    "f1_macro_16": 0.6273440692640692,
    "f1_samples_16": 0.7158631185819212
}