{
    "mean_loss": 0.20260896421968938,
    "acc_1": 0.9584575,
    "f1_micro_1": 0.8656805092452258,
    "f1_macro_1": 0.6549452994227993,
    "f1_samples_1": 0.7435310025290796,
    "acc_16": 0.95216,
    "f1_micro_16": 0.8368794326241135,
    "f1_macro_16": 0.6150215295815294,
    "f1_samples_16": 0.7037824190705338
}