{
    "mean_loss": 0.30138710997998713,
    "acc_1": 0.911043125,
    "f1_micro_1": 0.7370672853999753,
    "f1_macro_1": 0.5641877295274169,
    "f1_samples_1": 0.6551055243332159,
    "acc_16": 0.88592,
    "f1_micro_16": 0.7415730337078652,
    "f1_macro_16": 0.6215161904761906,
    "f1_samples_16": 0.6638059478613225
}