{
    "mean_loss": 0.1471643779426813,
    "acc_1": 0.920605,
    "f1_micro_1": 0.7775022069023498,
    "f1_macro_1": 0.6122066513347764,
    "f1_samples_1": 0.6743617529330225,
    "acc_16": 0.91216,
    "f1_micro_16": 0.7480495640201927,
    "f1_macro_16": 0.5900488311688311,
    "f1_samples_16": 0.6360742227232198
}