{
    "mean_loss": 0.1651135955005884,
    "acc_1": 0.949945625,
    "f1_micro_1": 0.8431115577574436,
    "f1_macro_1": 0.6455318326118326,
    "f1_samples_1": 0.7241296144275783,
    "acc_16": 0.94256,
    "f1_micro_16": 0.812532637075718,
    "f1_macro_16": 0.6027866089466088,
    "f1_samples_16": 0.6862443697032994
}