{
    "mean_loss": 0.23565207235515118,
    "acc_1": 0.956408125,
    "f1_micro_1": 0.8599601245655566,
    "f1_macro_1": 0.6526957187950938,
    "f1_samples_1": 0.7373627505121697,
    "acc_16": 0.94976,
    "f1_micro_16": 0.8313641245972073,
    "f1_macro_16": 0.6181268686868686,
    "f1_samples_16": 0.7015333276362566
}