{
    "mean_loss": 0.2607733054086566,
    "acc_1": 0.956175,
    "f1_micro_1": 0.8602223843525617,
    "f1_macro_1": 0.654365092893218,
    "f1_samples_1": 0.7423679694520303,
    "acc_16": 0.95104,
    "f1_micro_16": 0.8358369098712447,
    "f1_macro_16": 0.618649466089466,
    "f1_samples_16": 0.6951543625038414
}