{
    "mean_loss": 0.21461659893393517,
    "acc_1": 0.9565975,
    "f1_micro_1": 0.8619035687439597,
    "f1_macro_1": 0.6536361156204907,
    "f1_samples_1": 0.755382211730714,
    "acc_16": 0.9496,
    "f1_micro_16": 0.8312801285484734,
    "f1_macro_16": 0.6118335353535352,
    "f1_samples_16": 0.7272269453596547
}