{
    "mean_loss": 0.13659603670239448,
    "acc_1": 0.93713875,
    "f1_micro_1": 0.8134480340986234,
    "f1_macro_1": 0.6274769836760462,
    "f1_samples_1": 0.6951870897743466,
    "acc_16": 0.92704,
    "f1_micro_16": 0.77734375,
    "f1_macro_16": 0.5874177200577201,
    "f1_samples_16": 0.65203890812114
}