{
    "mean_loss": 0.20226279608905315,
    "acc_1": 0.95674625,
    "f1_micro_1": 0.8642987678141447,
    "f1_macro_1": 0.6617001736111112,
    "f1_samples_1": 0.7536828664952168,
    "acc_16": 0.952,
    "f1_micro_16": 0.8421052631578948,
    "f1_macro_16": 0.6319193073593075,
    "f1_samples_16": 0.7233235798629032
}