{
    "mean_loss": 0.1678797837346792,
    "acc_1": 0.95659625,
    "f1_micro_1": 0.8632968901942103,
    "f1_macro_1": 0.659221377164502,
    "f1_samples_1": 0.749221101801693,
    "acc_16": 0.95296,
    "f1_micro_16": 0.8436170212765957,
    "f1_macro_16": 0.6224875036075036,
    "f1_samples_16": 0.7203866847749232
}