{
    "mean_loss": 0.21759011056274175,
    "acc_1": 0.908970625,
    "f1_micro_1": 0.7453906275948752,
    "f1_macro_1": 0.578783263437951,
    "f1_samples_1": 0.7101200155658988,
    "acc_16": 0.90256,
    "f1_micro_16": 0.7884682181312955,
    "f1_macro_16": 0.6686867532467532,
    "f1_samples_16": 0.749502551714597
}