{
    "mean_loss": 0.27466958947479725,
    "acc_1": 0.95275875,
    "f1_micro_1": 0.8546328029140366,
    "f1_macro_1": 0.6595672695707071,
    "f1_samples_1": 0.7669567274292632,
    "acc_16": 0.94624,
    "f1_micro_16": 0.8273381294964028,
    "f1_macro_16": 0.6233339105339106,
    "f1_samples_16": 0.7319460931657042
}