{
    "mean_loss": 0.19246849305927755,
    "acc_1": 0.95715125,
    "f1_micro_1": 0.8625133359537314,
    "f1_macro_1": 0.6550738970057719,
    "f1_samples_1": 0.736975258949683,
    "acc_16": 0.94896,
    "f1_micro_16": 0.8284023668639054,
    "f1_macro_16": 0.6104532178932179,
    "f1_samples_16": 0.6923589061745432
}